"","CONDITION","AGERANGE","SYNDROME","RawPrev","prev_pop","logOR","se","pval","ci.lb","ci.ub","studies","aOR","lower","upper","PAF"
"1","Adenovirus","0-11mo","01CommunityDetected",0.207489372110901,0.181208155878891,0.599499306136117,0.201325144295674,0.00290356927420108,0.204909274134265,0.994089338137968,87,1.82120670504721,1.22741370174079,2.70226237315492,0.0817092053332452
"2","Adenovirus","0-11mo","02Outpatient",0.185922292514386,0.139362429596882,0.132817515444636,0.178780672964493,0.457537641835346,-0.217586164697603,0.483221195586876,87,1.14204157436549,0.8044582860285,1.62128848721064,0.0173332209191587
"3","Adenovirus","0-11mo","03Inpatient",0.270510852619676,0.196437176674392,0.833697288627251,0.213279255390499,9.26993268510157e-05,0.415677629412352,1.25171694784215,87,2.30181349566559,1.5153972706113,3.49634084182489,0.111096997270504
"4","Adenovirus","12-23mo","01CommunityDetected",0.22131286975135,0.20739074623537,0.684582260623417,0.229029975434438,0.00279845482495924,0.235691757391824,1.13347276385501,80,1.98294330899343,1.26578408144076,3.1064256726994,0.102803416232151
"5","Adenovirus","12-23mo","02Outpatient",0.199963495895036,0.172462792968124,0.488407509987862,0.203647594757983,0.0164714828203836,0.0892655587240077,0.887549461251717,80,1.62971884137709,1.09337097197688,2.42916957740089,0.0666391449931178
"6","Adenovirus","12-23mo","03Inpatient",0.263012457263436,0.163694896886773,0.544041002217747,0.244345330525023,0.0259790321854698,0.0651329545981676,1.02294904983733,80,1.72295527955015,1.06730091751592,2.78138512448663,0.068686686964161
"7","Adenovirus","24-59mo","02Outpatient",0.181946628638046,0.143097561645324,0.35479698378552,0.156509111459095,0.0233938059058893,0.0480447620733285,0.661549205497711,73,1.42589114587233,1.04921761942938,1.9377920483101,0.0427409796863412
"8","Adenovirus","24-59mo","03Inpatient",0.132275623411535,0.0962626563668689,0.219253938560614,0.202941065460147,0.279971966792239,-0.17850324072546,0.617011117846687,73,1.24514742748988,0.836521345936976,1.85338022002068,0.0189524084061701
"9","Astrovirus","0-11mo","01CommunityDetected",0.161179539796634,0.155074433674303,0.627269532581836,0.0750253209706964,6.23096576777467e-17,0.480222605550714,0.774316459612959,103,1.87249081760571,1.61643418936901,2.16910894676533,0.0722572405451043
"10","Astrovirus","0-11mo","02Outpatient",0.0491459760224281,0.0431272919246391,0.040475045891595,0.103631617984519,0.696117637780944,-0.162639193017676,0.243589284800866,103,1.04130532453235,0.849897782154746,1.27582022411019,0.00171072474823713
"11","Astrovirus","0-11mo","03Inpatient",0.0663366694859063,0.0581285612544674,0.377251555298309,0.159469136166205,0.0179974162870401,0.0646977917668333,0.689805318829784,103,1.45827109905669,1.06683656886774,1.99332743214921,0.0182672753165721
"12","Astrovirus","12-23mo","01CommunityDetected",0.202966650186656,0.202399335051758,0.930369277944809,0.0981812836985404,2.64129156839448e-21,0.73793749793976,1.12280105794986,95,2.53544528879003,2.09161709807981,3.07345107206724,0.12257141056582
"13","Astrovirus","12-23mo","02Outpatient",0.0587615117996437,0.0552163475661641,0.376712568375766,0.122662455708468,0.00213248996078214,0.136298572931929,0.617126563819602,95,1.45748532178563,1.14602401426834,1.85359419765455,0.0173316795418467
"14","Astrovirus","12-23mo","03Inpatient",0.0344936045863425,0.0590954768374685,0.572468861288862,0.196755841806218,0.00361961834527881,0.186834497600814,0.95810322497691,95,1.77263805098097,1.20542776735251,2.60674736793808,0.0257578889385936
"15","Astrovirus","24-59mo","02Outpatient",0.0488883206536369,0.0481355026494081,0.254841070556412,0.160179234034853,0.111615323407221,-0.0591044592231115,0.568786600335935,90,1.29025654482226,0.942608299883473,1.76612273800524,0.0108285788112196
"16","Astrovirus","24-59mo","03Inpatient",0.0228277218606464,0.0534402644587598,0.481593617235193,0.261918966285829,0.0659575176287431,-0.0317581235529915,0.994945358023378,90,1.61865185940822,0.968740869343319,2.70457655383296,0.0204249720423303
"17","Campylobacter","0-11mo","01CommunityDetected",0.296326420542056,0.288475836250817,0.385859853349354,0.175916502917131,0.0282766917552112,0.0410698433455418,0.730649863353167,80,1.47087851767149,1.04192487452328,2.07642956478734,0.0923509810809307
"18","Campylobacter","0-11mo","02Outpatient",0.144700245781677,0.10895717837995,-0.144840990478609,0.155711176604138,0.352272681627824,-0.450029288613075,0.160347307655856,80,0.865159850827765,0.637609476651038,1.1739185110857,0
"19","Campylobacter","0-11mo","03Inpatient",0.319927533472751,0.252450502774056,0.0147600789882133,0.180043245707909,0.934662027058478,-0.338118198258984,0.36763835623541,80,1.01486954687586,0.713110994438705,1.44431961533099,0.00369882473702004
"20","Campylobacter","12-23mo","01CommunityDetected",0.319524254057164,0.317475330088244,0.078291647407596,0.0960440379217987,0.414978410042182,-0.109951207848929,0.266534502664121,74,1.08143801127443,0.895877846037354,1.30543262946188,0.0239075742127932
"21","Campylobacter","12-23mo","02Outpatient",0.181395311462273,0.142735273066029,0.0102158195377312,0.102688380096578,0.920754232776286,-0.19104970708232,0.211481346157783,74,1.0102681791691,0.826091524531212,1.23550691846263,0.00145073495118686
"22","Campylobacter","12-23mo","03Inpatient",0.296569723965537,0.254005442839109,-0.0695125934913687,0.12415859804883,0.57556855674518,-0.312858974038061,0.173833787055324,74,0.932848385492492,0.731353045063229,1.18985777961821,0
"23","Campylobacter","24-59mo","02Outpatient",0.134960859128402,0.109469372312656,-0.379312038567197,0.183646557293036,0.0388808243693317,-0.739252676746319,-0.0193714003880752,63,0.684332041357096,0.477470607110117,0.980815019509602,0
"24","Campylobacter","24-59mo","03Inpatient",0.312759659802645,0.202675009157182,-0.441064499144603,0.229148100927869,0.0542542559471225,-0.890186524088975,0.00805752579976976,63,0.643351209632012,0.410579162705347,1.00809007502412,0
"25","Cryptosporidium","0-11mo","01CommunityDetected",0.0514638401474015,0.0544759226561606,0.345262065681238,0.112388907728158,0.00212608549709705,0.124983854272252,0.565540277090223,77,1.41236000225871,1.1331301577081,1.76039862888733,0.0159050748772373
"26","Cryptosporidium","0-11mo","02Outpatient",0.10628408508969,0.0757847636401361,0.484169173621845,0.102964816261403,2.57275085309249e-06,0.28236184207471,0.685976505168979,77,1.62282616181058,1.3262585293118,1.98570994512164,0.029085514254371
"27","Cryptosporidium","0-11mo","03Inpatient",0.257119429939739,0.218135098388341,0.883646309767657,0.127136072697519,3.64256999078493e-12,0.634464186144653,1.13282843339066,77,2.41970664021215,1.88601131968034,3.10442475269933,0.127985699794628
"28","Cryptosporidium","12-23mo","01CommunityDetected",0.122654466700947,0.13549871111217,0.249701905234067,0.125151035606756,0.0460205841046405,0.00441038281693415,0.494993427651199,72,1.2836427124756,1.00442012286909,1.64048745716584,0.0299407472058032
"29","Cryptosporidium","12-23mo","02Outpatient",0.129270531938088,0.110322846822004,0.153610350680556,0.124284899485431,0.216475866165843,-0.0899835761330694,0.397204277494182,72,1.16603645293894,0.913946195678663,1.48765979442892,0.0157092980397675
"30","Cryptosporidium","12-23mo","03Inpatient",0.239137820017973,0.215949773430829,0.673042337105481,0.156623978594685,1.72980195986866e-05,0.366064979944527,0.980019694266435,72,1.96019182255768,1.44204894387051,2.66450871695728,0.105782099560496
"31","Cryptosporidium","24-59mo","02Outpatient",0.0999111401818947,0.0851358367201157,-0.0113732915412067,0.107944688112913,0.916088396431858,-0.222940992564924,0.200194409482511,64,0.988691139842066,0.800162063412555,1.2216402335213,0
"32","Cryptosporidium","24-59mo","03Inpatient",0.113955327337214,0.135389902390515,0.422200181676741,0.184505776844311,0.0221214404204899,0.0605755041223064,0.783824859231175,64,1.52531383400444,1.06244781373163,2.18983206717107,0.0466279051069313
"33","Cyclospora","0-11mo","01CommunityDetected",0.000892128508653932,0.00268784871200014,-0.343685169015338,0.382586408389337,0.369014768682729,-1.09354075043297,0.406170412402295,68,0.709152155979674,0.335028140084394,1.50105832961954,0
"34","Cyclospora","0-11mo","02Outpatient",0.00335422589967869,0.00791219832318753,0.726457350227021,0.280950220803284,0.00971770947543098,0.175805036004008,1.27710966445003,68,2.06774232997918,1.19220559882317,3.58625923868177,0.0040857068844466
"35","Cyclospora","0-11mo","03Inpatient",0.00479735318444996,0.0150485122493587,1.31926598062181,0.359491622958158,0.000242730742913166,0.61467534687997,2.02385661436365,68,3.74067464163114,1.84905620023833,7.56745347855775,0.0110255715525445
"36","Cyclospora","12-23mo","01CommunityDetected",0.00955991125019071,0.0121384861039131,0.505193662243117,0.313608019718676,0.107199779971379,-0.109466761668415,1.11985408615465,68,1.65730644706824,0.896311955780988,3.06440703125585,0.00481426062624962
"37","Cyclospora","12-23mo","02Outpatient",0.0064806347660496,0.0115633116586318,0.565516047953461,0.328986402240362,0.0856207800115355,-0.079285451841055,1.21031754774798,68,1.76035597646492,0.923776193190523,3.35454971314316,0.0049945768043026
"38","Cyclospora","12-23mo","03Inpatient",0.00809655803027434,0.0180585700155633,1.20814355483416,0.432154819732147,0.00517991926787417,0.361135672413755,2.05515143725457,68,3.34726486730852,1.43495813190591,7.80802020825276,0.0126635472935987
"39","Cyclospora","24-59mo","02Outpatient",0.00691501456057029,0.0165413205739097,0.279899601137279,0.36437578029458,0.442390990296574,-0.434263805078778,0.994063007353336,60,1.32299697827735,0.647741355484886,2.7021912214031,0.00403840420636982
"40","Cyclospora","24-59mo","03Inpatient",0.00965204108909001,0.0235490949176511,0.702888688887723,0.508078843448468,0.166534761315118,-0.292927545578037,1.69870492335348,60,2.01957822253856,0.746076195258419,5.46686279883152,0.0118886924361615
"41","EAEC","0-11mo","01CommunityDetected",0.448277124735571,0.438153675199556,-0.00126703546727404,0.0687268335286997,0.985291177817971,-0.135969153955005,0.133435083020457,97,0.998733766883259,0.872869556647084,1.14274708003835,0
"42","EAEC","0-11mo","02Outpatient",0.368071311755906,0.350161772300546,-0.273774923325436,0.0633164392435304,1.53284134930795e-05,-0.397872863872074,-0.149676982778798,97,0.760503227536416,0.671747425599948,0.860986044831894,0
"43","EAEC","0-11mo","03Inpatient",0.412336642466657,0.443271691974826,-0.0317669607478003,0.102733793022561,0.757157014849237,-0.233121495067212,0.169587573571611,97,0.968732308429364,0.79205733661893,1.18481610106767,0
"44","EAEC","12-23mo","01CommunityDetected",0.423112011311203,0.403408693355961,0.00201109669858827,0.098627813077244,0.98373164965302,-0.191295864806758,0.195318058203935,91,1.00201312030989,0.825888200747242,1.21569758759688,0.000810478642762947
"45","EAEC","12-23mo","02Outpatient",0.368940082202869,0.338704607063522,-0.14391707809867,0.0819540244373901,0.0790763018493031,-0.30454401438407,0.0167098581867303,91,0.865959552094635,0.737459568691573,1.01685024874572,0
"46","EAEC","12-23mo","03Inpatient",0.376039789523807,0.392524701316621,0.0537726207277539,0.12040170027436,0.655156569916061,-0.182210375487378,0.289755616942886,91,1.05524463411729,0.833425989572873,1.33610092769487,0.0205496268875831
"47","EAEC","24-59mo","02Outpatient",0.299953293517254,0.263403058098681,-0.147117608366672,0.0675449865737768,0.0294009364810143,-0.279503349387516,-0.014731867345828,83,0.863192452791867,0.756159195140759,0.985376115697621,0
"48","EAEC","24-59mo","03Inpatient",0.288098026142398,0.299973969358493,-0.32955147036068,0.118073126484345,0.0052532584632572,-0.560970545812038,-0.0981323949093215,83,0.719246264361715,0.570654948224893,0.906528876000229,0
"49","EPAP","0-11mo","01CommunityDetected",0.161069795158424,0.154330253891449,-0.202824487579283,0.0539810304166064,0.000171736688698082,-0.308625363044193,-0.0970236121143733,100,0.816421520969043,0.734455872803574,0.907534577070049,0
"50","EPAP","0-11mo","02Outpatient",0.141269687896737,0.107408769066325,-0.340362705470255,0.079193540627455,1.7245546884485e-05,-0.495579192908277,-0.185146218032234,100,0.711512206585883,0.609217950374651,0.830982770303112,0
"51","EPAP","0-11mo","03Inpatient",0.101424126467582,0.147316629213754,-0.201786593211851,0.110400303474196,0.0675837639025728,-0.418167211903566,0.0145940254798646,100,0.817269320154001,0.658252151626708,1.0147010382182,0
"52","EPAP","12-23mo","01CommunityDetected",0.250782331395608,0.247862315433577,-0.145873012943932,0.0468662393961824,0.00185485302963399,-0.237729154251281,-0.0540168716365819,93,0.864267446995223,0.78841620135465,0.947416121906455,0
"53","EPAP","12-23mo","02Outpatient",0.155575571491655,0.126191494589661,-0.470148103759377,0.0738313554518672,1.91677516033849e-10,-0.614854901374812,-0.325441306143943,93,0.624909709951436,0.540719347251443,0.722208568227898,0
"54","EPAP","12-23mo","03Inpatient",0.145183517768218,0.191171103757258,-0.33599639473824,0.113635227224904,0.0031085184843741,-0.558717347474077,-0.113275442002404,93,0.714625682224058,0.571942196674213,0.892904682787544,0
"55","EPAP","24-59mo","02Outpatient",0.137088189932582,0.104889038403839,-0.296294835773998,0.0783382488967533,0.000155417202714101,-0.449834982223568,-0.142754689324427,85,0.743568165202999,0.637733380283605,0.86696671900329,0
"56","EPAP","24-59mo","03Inpatient",0.128284880383912,0.172276673669112,-0.250092748253172,0.132654202772149,0.0593895701814305,-0.510090208084458,0.00990471157811329,85,0.778728554008817,0.600441411699568,1.00995392558314,0
"57","EPTP","0-11mo","01CommunityDetected",0.124131668285985,0.129513615390041,0.272746917389208,0.0980387632692537,0.00540198140663262,0.0805944722926228,0.464899362485794,100,1.3135677615951,1.08393124327495,1.59185398059817,0.0309167868314825
"58","EPTP","0-11mo","02Outpatient",0.178299552906429,0.155516597677565,0.133326283882791,0.0803925228781264,0.0972284170113726,-0.0242401655846489,0.290892733350231,100,1.14262275690472,0.976051267683227,1.33762109412091,0.0194116612601877
"59","EPTP","0-11mo","03Inpatient",0.258744127732443,0.21219964967002,0.401319850605157,0.123900553918775,0.00119929357086872,0.158479227259794,0.64416047395052,100,1.4937949833266,1.1717275839797,1.90438757499658,0.0701455846620739
"60","EPTP","12-23mo","01CommunityDetected",0.134402652319842,0.137294625904554,0.199868135567941,0.11638514094011,0.0859244771308288,-0.0282425490102936,0.427978820146175,93,1.2212417091977,0.97215254356576,1.53415358747475,0.0248724699377794
"61","EPTP","12-23mo","02Outpatient",0.17329657587015,0.154609008850503,0.0740575867570209,0.090564970454266,0.413512048090865,-0.103446493594274,0.251561667108316,93,1.07686881709359,0.901724269475704,1.28603220350586,0.0110362668448575
"62","EPTP","12-23mo","03Inpatient",0.178295704779116,0.171460445961622,0.0565454401916589,0.143686381958044,0.693925304424545,-0.225074693514973,0.33816557389829,93,1.05817469736883,0.798456577003689,1.40237268049512,0.00942628809717791
"63","EPTP","24-59mo","02Outpatient",0.130526620571292,0.110098621765564,-0.0553886118578852,0.079574559656583,0.486391697075758,-0.211351882870422,0.100574659154651,85,0.946117404061124,0.809489171386091,1.10580619717817,0
"64","EPTP","24-59mo","03Inpatient",0.100111260776471,0.128679094363607,0.0596861242509935,0.162058346045708,0.712649389651932,-0.257942397392722,0.377314645894709,85,1.06150331410352,0.772639736888451,1.45836310515237,0.00745564394764502
"65","ETLT","0-11mo","01CommunityDetected",0.199922554145104,0.166966376468537,0.242466845534985,0.108056641455158,0.0248397010746894,0.0306797199925168,0.454253971077453,101,1.27438899677758,1.03115519260049,1.57499795061111,0.035949570068978
"66","ETLT","0-11mo","02Outpatient",0.120876167065562,0.0971265191269087,-0.0439347859337823,0.0925821061530588,0.635108156279223,-0.225392379606642,0.137522807739077,101,0.957016366366743,0.798202958742004,1.14742787590924,0
"67","ETLT","0-11mo","03Inpatient",0.193841382430464,0.154283334655604,0.0133626639497274,0.13463277778953,0.920937649080144,-0.250512731656336,0.277238059555791,101,1.01345234335033,0.77840156960938,1.31948044857836,0.00204792302730338
"68","ETLT","12-23mo","01CommunityDetected",0.28079866459573,0.250956920087065,0.274448153889733,0.0921096310572434,0.00288642421590141,0.0939165943882637,0.454979713391202,92,1.31580435296304,1.09846812369049,1.5761414081455,0.0602318175884002
"69","ETLT","12-23mo","02Outpatient",0.156525960644206,0.131431156470864,0.0147022207664116,0.0805458216392132,0.855164943237494,-0.143164688751633,0.172569130284456,92,1.01481083002716,0.866611336003483,1.1883539690234,0.00191819446655945
"70","ETLT","12-23mo","03Inpatient",0.157845552291614,0.159417247851948,-0.0731609403677962,0.124072255277277,0.555415945738676,-0.31633809219192,0.170016211456327,92,0.929451231764827,0.728813002523437,1.18532406699395,0
"71","ETLT","24-59mo","02Outpatient",0.150387594305967,0.120186684075762,-0.00937626447257844,0.092038963155089,0.918857660881877,-0.189769317430962,0.171016788485805,85,0.99066755563191,0.827149921005649,1.18651066857202,0
"72","ETLT","24-59mo","03Inpatient",0.145504480175112,0.169890924064264,0.07241860542032,0.149157195641043,0.6273084620408,-0.219924126071118,0.364761336911758,85,1.07510529478515,0.802579690526731,1.44017025165,0.0118683332647133
"73","ETST","0-11mo","01CommunityDetected",0.141414757419736,0.114357935608117,0.565737701693906,0.129063212383122,1.16832911301193e-05,0.312778453693943,0.818696949693869,102,1.76074620919829,1.36721859524234,2.26754318877343,0.0494093728847095
"74","ETST","0-11mo","02Outpatient",0.0950119638921657,0.0799692870370433,0.517636777663662,0.111303025644395,3.30813190927498e-06,0.299486856030311,0.735786699297014,102,1.67805733759969,1.34916631335877,2.08712328523974,0.0323134142338933
"75","ETST","0-11mo","03Inpatient",0.156967730703104,0.133062115653258,0.963734707706544,0.156360132902138,7.11284244994378e-10,0.657274478600457,1.27019493681263,102,2.62146863309104,1.92952619623702,3.56154677126551,0.082303501198138
"76","ETST","12-23mo","01CommunityDetected",0.22334283263204,0.199711830021914,0.54981516345962,0.103044788035228,9.51812973666308e-08,0.347851090116008,0.751779236803231,92,1.73293267898205,1.41602137446111,2.12077001381901,0.0844668280410938
"77","ETST","12-23mo","02Outpatient",0.132910127591359,0.118813439214941,0.514085262812616,0.0928916714284375,3.12571911238353e-08,0.33202093234915,0.696149593276081,92,1.67210826241183,1.39378202333912,2.0060138489429,0.0477573707259512
"78","ETST","12-23mo","03Inpatient",0.119629526757995,0.13582356722354,0.593613498360944,0.139927616623217,2.21250751280254e-05,0.319360409336909,0.867866587384978,92,1.81051891645156,1.37624724789107,2.3818240158896,0.0608044298981254
"79","ETST","24-59mo","02Outpatient",0.126296343432519,0.106643169737386,0.536650641679101,0.138369606565566,0.000105152103771153,0.265451196255614,0.807850087102587,85,1.71026895484022,1.30401921164902,2.24308037163912,0.0442885503451693
"80","ETST","24-59mo","03Inpatient",0.145233502269585,0.14266995539156,0.713100790610152,0.20227737372894,0.000422905844636083,0.31664442321408,1.10955715800622,85,2.04030802807109,1.37251445087127,3.03301495060308,0.0727442611195826
"81","Entamoeba","0-11mo","01CommunityDetected",0.00530459603511765,0.00491030204621434,1.51325212376447,0.552390317026291,0.00615398822106276,0.430586996984272,2.59591725054466,74,4.5414762471285,1.5381601539734,13.4088810257849,0.00382908929093041
"82","Entamoeba","0-11mo","02Outpatient",0.000699845293391679,0.00576387859685872,1.20916045724465,0.442229735403831,0.00625252146858365,0.342406102960465,2.07591481152884,74,3.35067044029485,1.40833210923791,7.9718358516593,0.00404366209106846
"83","Entamoeba","0-11mo","03Inpatient",0.00397022332506203,0.0136359798184627,1.66742970155529,0.542364412438076,0.00210946561124004,0.604414986680437,2.73044441643015,74,5.29853147277305,1.83018121525541,15.3397027212131,0.0110624403597405
"84","Entamoeba","12-23mo","01CommunityDetected",0.00221984513148678,0.00488814278817339,0.831492459741473,0.346067485526202,0.0162750324181752,0.15321265188978,1.50977226759317,69,2.29674398153996,1.16557281385207,4.52570002838923,0.00275985037619288
"85","Entamoeba","12-23mo","02Outpatient",0.00502228045761092,0.00996933919569886,1.35619147994514,0.343250359099218,7.78165027256438e-05,0.683433138430231,2.02894982146005,69,3.88138279243066,1.98066597354819,7.60609440590784,0.00740083726511352
"86","Entamoeba","12-23mo","03Inpatient",0.00547945205479452,0.0177877992809331,1.77546240502345,0.397248914222,7.84410673930425e-06,0.99686884025069,2.55405596979621,69,5.90301008684781,2.70978376515041,12.8591544954853,0.0147744554073448
"87","Entamoeba","24-59mo","02Outpatient",0.010662018246561,0.0248878466824279,1.50184894907773,0.303608335124199,7.54954507730887e-07,0.906787546828128,2.09691035132732,61,4.48998315051441,2.47635456879141,8.1409782532646,0.019344875618143
"88","Entamoeba","24-59mo","03Inpatient",0.00491803278688525,0.0238390987303199,1.50531926235191,0.481369981658165,0.00176505949126383,0.561851435063197,2.44878708964062,61,4.50559186654497,1.75391675908784,11.5742996141013,0.0185480960304681
"89","Giardia","0-11mo","01CommunityDetected",0.165373859215356,0.147783601832915,0.0524366698882521,0.189862510607619,0.782408030961764,-0.319687012917035,0.42456035269354,52,1.05383582042491,0.726376347913425,1.5289180871608,0.00754961189952277
"90","Giardia","0-11mo","02Outpatient",0.202250328436938,0.139363880102564,-0.0514977168799932,0.190896823949921,0.787339296929167,-0.425648616584921,0.322653182824934,52,0.949805818480391,0.653345876696374,1.3807863874198,0
"91","Giardia","0-11mo","03Inpatient",0.166374964546851,0.108792745162117,-0.206170402383947,0.213433352401845,0.334058754579064,-0.624492086191209,0.212151281423314,52,0.81369440900154,0.535533364243957,1.23633490543598,0
"92","Giardia","12-23mo","01CommunityDetected",0.445868483172919,0.447093950243008,-0.109750749606077,0.106217056386537,0.30147821542454,-0.31793235466755,0.0984308554553956,47,0.89605745013714,0.727652009011863,1.10343810503131,0
"93","Giardia","12-23mo","02Outpatient",0.463317784476233,0.462348677534378,-0.113372475904917,0.121180304583886,0.349495398819626,-0.350881508524928,0.124136556715093,47,0.892818044965071,0.704067174871284,1.1321704659232,0
"94","Giardia","12-23mo","03Inpatient",0.330828818017448,0.275101285670084,-0.413702107759014,0.146847240542781,0.00484401764647276,-0.701517410451955,-0.125886805066074,47,0.661197887652033,0.495832351474482,0.881714646766066,0
"95","Giardia","24-59mo","02Outpatient",0.5775770615596,0.616598785153166,-0.397122303231155,0.125054963997784,0.00149536208543325,-0.642225528754765,-0.152019077707545,39,0.672251802037115,0.526120224456937,0.858971893370236,0
"96","Giardia","24-59mo","03Inpatient",0.374644973068362,0.383663018873613,-0.678955248163139,0.165613280223686,4.13788762346758e-05,-1.0035513127631,-0.354359183563175,39,0.507146557983106,0.366575303288111,0.701622910673734,0
"97","Norovirus","0-11mo","01CommunityDetected",0.256821315491947,0.247867109298146,0.407792776886109,0.100471239702137,4.93253063573845e-05,0.210872765587831,0.604712788184388,120,1.50349556985306,1.23475524170914,1.83072632713736,0.0830065574826386
"98","Norovirus","0-11mo","02Outpatient",0.179399696164773,0.163201419921515,0.061853475767043,0.0813366784470847,0.446978309215892,-0.0975634846113582,0.221270436145444,120,1.06380645988231,0.907044756344093,1.2476607975208,0.00978872120602668
"99","Norovirus","0-11mo","03Inpatient",0.129230855479642,0.157446915971129,0.0839207224864236,0.108077121180405,0.437460167189323,-0.127906542579942,0.295747987552789,120,1.08754267271217,0.879935611814055,1.34413137630788,0.0126738234556148
"100","Norovirus","12-23mo","01CommunityDetected",0.190465098650113,0.197869251809275,0.29944550731946,0.149320740155859,0.0449219506761914,0.00678223446911169,0.592108780169808,108,1.34911052822432,1.00680528590526,1.8077966443424,0.0512028018263317
"101","Norovirus","12-23mo","02Outpatient",0.195003866971773,0.174593870184357,0.146947898312932,0.109536525283778,0.179744397451963,-0.0677397462349335,0.361635542860798,108,1.15829361240636,0.934503650025435,1.43567560437549,0.0238601802854394
"102","Norovirus","12-23mo","03Inpatient",0.129369002532244,0.144594133823418,0.0296799805014972,0.145794527797937,0.838686384241717,-0.256072043125483,0.315432004128477,108,1.0301248211704,0.774086199194181,1.37085139651891,0.00422848992102821
"103","Norovirus","24-59mo","02Outpatient",0.121236521052914,0.117924085858543,0.242352488412741,0.109627286625699,0.0270569688043232,0.0274869549035208,0.45721802192196,101,1.27424326965192,1.02786820637987,1.57967325010648,0.0253796803536539
"104","Norovirus","24-59mo","03Inpatient",0.0681350863827796,0.0945184467338625,0.0838496843275952,0.168749789458208,0.619268289348058,-0.246893825409209,0.414593194064399,101,1.08746541842709,0.781223635227935,1.51375481097646,0.00760216863228023
"105","Rotavirus","0-11mo","01CommunityDetected",0.147536902700817,0.138623702916305,0.959419304316205,0.256941161637957,0.000188459559542866,0.455823881359926,1.46301472727249,88,2.61018031281019,1.5774724979891,4.3189604091779,0.0855148421085019
"106","Rotavirus","0-11mo","02Outpatient",0.291641244734088,0.274414082598999,1.67367946186615,0.184971798859679,1.4521757738711e-19,1.31114139794559,2.03621752578671,88,5.33174971939313,3.71040634637178,7.66157461380117,0.222946159864202
"107","Rotavirus","0-11mo","03Inpatient",0.351450208024242,0.337071261099937,1.98888046829112,0.226621110920313,1.69036147731853e-18,1.54471125275085,2.43304968383139,88,7.30734837305163,4.68661818352157,11.3935759548086,0.290943549118529
"108","Rotavirus","12-23mo","01CommunityDetected",0.114335754769648,0.112971921809428,1.1760229128662,0.265990001419158,9.81065950734363e-06,0.654692089836887,1.6973537358955,80,3.2414569766122,1.92454983768055,5.45948103058266,0.0781197171913984
"109","Rotavirus","12-23mo","02Outpatient",0.314458498839608,0.295606534429242,2.04990706257532,0.20617996037232,2.72408723249007e-23,1.64580176591168,2.45401235923897,80,7.76717921112886,5.18516552977572,11.6349367346816,0.257548118832793
"110","Rotavirus","12-23mo","03Inpatient",0.284066040706275,0.325267435961207,2.26576154778385,0.250465480621094,1.48026317257523e-19,1.77485822639599,2.75666486917171,80,9.63846195622489,5.89944469149195,15.747236178953,0.291520616454269
"111","Rotavirus","24-59mo","02Outpatient",0.265144445592275,0.225345756314912,2.11578547425326,0.276426853600025,1.94743674571636e-14,1.57399879683748,2.65757215166903,74,8.2960995801904,4.82590748470356,14.2616219773353,0.198182900549174
"112","Rotavirus","24-59mo","03Inpatient",0.241710359280895,0.206815314016091,2.14059335703453,0.32885513028123,7.55374856024316e-11,1.49604914555209,2.78513756851697,74,8.50448232649819,4.46401750102615,16.2020466149817,0.182496924480293
"113","STEC","0-11mo","01CommunityDetected",0.0244977000561883,0.00895395934132983,-0.399135194626725,0.249836005064118,0.110134528583938,-0.888804766593763,0.0905343773403131,99,0.67089999314781,0.411146875671291,1.09475914190234,0
"114","STEC","0-11mo","02Outpatient",0.0241137260046571,0.018752287622678,-0.548695507517125,0.172694547497722,0.00148673597537097,-0.887170600939103,-0.210220414095148,99,0.577702928182581,0.411819307057028,0.810405601465677,0
"115","STEC","0-11mo","03Inpatient",0.026765121343298,0.0263508393878409,-0.299621630783484,0.316348458093968,0.343574930062673,-0.919653215212439,0.320409953645471,99,0.741098576527124,0.398657265391174,1.37769243862046,0
"116","STEC","12-23mo","01CommunityDetected",0.0512373484953882,0.0214601070203162,-0.101812125381262,0.184879964715337,0.581844058811759,-0.464170197686358,0.260545946923834,91,0.903199223939663,0.628656549471122,1.29763833497241,0
"117","STEC","12-23mo","02Outpatient",0.0275348404624573,0.0361320424700824,-0.310455853297956,0.128026624920198,0.0153112564688203,-0.561383427203762,-0.0595282793921509,91,0.733112688204796,0.570419384049055,0.942208888119838,0
"118","STEC","12-23mo","03Inpatient",0.0125451838952139,0.0337764617274407,-0.561958641849797,0.246189759619241,0.0224525288801334,-1.04448170406608,-0.0794355796335113,91,0.570091364814746,0.35187414706381,0.923637519119592,0
"119","STEC","24-59mo","02Outpatient",0.0369460395329724,0.0539768330667038,-0.382674133136575,0.139057537865257,0.00592484058648981,-0.655221899131293,-0.110126367141857,79,0.682035115721444,0.519326811632119,0.895720938449605,0
"120","STEC","24-59mo","03Inpatient",0.0573466708786476,0.0458293567062347,-0.663381651808369,0.268350583286251,0.0134332894367365,-1.18933913027974,-0.137424173337,79,0.515106475157906,0.304422381137157,0.871600438044194,0
"121","Salmonella","0-11mo","01CommunityDetected",0.0185708108966447,0.0116784371649108,-0.0126113008762485,0.363735566368067,0.972341592286436,-0.725519910853939,0.700297309101442,79,0.987467888336096,0.484072828802023,2.0143515034878,0
"122","Salmonella","0-11mo","02Outpatient",0.0339258314367136,0.0326504060104772,0.778237681326354,0.253856675975129,0.00217191784802757,0.280687739180047,1.27578762347266,79,2.17763120177196,1.32404009353181,3.58152118965033,0.0176568634933103
"123","Salmonella","0-11mo","03Inpatient",0.0509197748892176,0.0432972132994677,1.0655342928447,0.346318945682329,0.00209275849226172,0.38676163214345,1.74430695354594,79,2.90238929569576,1.4722055229701,5.72193453450344,0.0283794304356467
"124","Salmonella","12-23mo","01CommunityDetected",0.00467423880329665,0.00960625503673957,0.0520542683157474,0.259011880630573,0.840720067696853,-0.455599689288163,0.559708225919658,73,1.05343290899191,0.634067610357538,1.75016177394933,0.00048725471432479
"125","Salmonella","12-23mo","02Outpatient",0.0249116725224357,0.0283072595476642,0.830477630868714,0.204173176845415,4.75169795617326e-05,0.430305557642572,1.23064970409485,73,2.29441436171682,1.5377273161039,3.4234530453621,0.0159697933863719
"126","Salmonella","12-23mo","03Inpatient",0.0258330285984935,0.0421599945772405,0.913881963127119,0.254769962511091,0.000334393067049985,0.41454201226276,1.41322191399148,73,2.49398532502114,1.51367733626066,4.10917350244962,0.0252553263122486
"127","Salmonella","24-59mo","02Outpatient",0.024243397059729,0.0337987420377599,1.08998399049495,0.246566198033603,9.84023673802459e-06,0.606723122544122,1.57324485844579,64,2.97422645628845,1.8344104010455,4.82227041901008,0.0224348655695445
"128","Salmonella","24-59mo","03Inpatient",0.184841323627277,0.0738792318607199,2.1019552306891,0.306712302789042,7.22251031537635e-12,1.50081016360723,2.70310029777097,64,8.18215227810728,4.48532144293115,14.9259349087779,0.0648499166696062
"129","Sapovirus","0-11mo","01CommunityDetected",0.163512969544252,0.180407926145705,0.635163237747152,0.0786481189538109,6.69187041007375e-16,0.481015757145861,0.789310718348444,100,1.88733019984463,1.61771677530006,2.20187818883492,0.0848189687070138
"130","Sapovirus","0-11mo","02Outpatient",0.0793495556606501,0.0690997936761562,0.0522640513079566,0.0849417177466975,0.538361185371538,-0.114218656260537,0.218746758876451,100,1.05365392448149,0.892062879422462,1.2445160741292,0.00351868391076432
"131","Sapovirus","0-11mo","03Inpatient",0.0823176862597162,0.0834088937211672,-0.0842750485342029,0.13840454315835,0.542588223197727,-0.355542968421289,0.186992871352883,100,0.919178402650914,0.700792831510481,1.20561869058909,0
"132","Sapovirus","12-23mo","01CommunityDetected",0.244396531540171,0.287747759625286,0.799983015968132,0.0831958683093812,6.86688869659941e-22,0.636922110419207,0.963043921517056,93,2.2255031301554,1.89065269442219,2.61965838408262,0.158452160923884
"133","Sapovirus","12-23mo","02Outpatient",0.105225266067546,0.101779588986088,0.160000811552098,0.0864851514881955,0.0643080814133313,-0.00950697056225563,0.329508593666452,93,1.17351182335741,0.990538077811498,1.3902847658338,0.0150488147746297
"134","Sapovirus","12-23mo","03Inpatient",0.127735428678348,0.110629649797998,0.272797636257419,0.143259086312117,0.0568807938758789,-0.00798501337244473,0.553580285887283,93,1.31363438595482,0.992046782161296,1.7394696812618,0.0264131806031953
"135","Sapovirus","24-59mo","02Outpatient",0.0789827037147595,0.0758230448004065,0.288603194758069,0.122739606779504,0.0187056672237362,0.0480379859936337,0.529168403522505,86,1.3345620622263,1.04921050987126,1.69752006978301,0.0190081188059426
"136","Sapovirus","24-59mo","03Inpatient",0.0498882110503257,0.0947953776501274,0.401106849798019,0.210083685395828,0.0562270420835896,-0.0106496073172462,0.812863306913285,86,1.49347683767329,0.9894068989829,2.25435366072293,0.0313224296546229
"137","Shigella","0-11mo","01CommunityDetected",0.101567441196309,0.0922656332304083,0.791340680092983,0.151744108127981,1.83848891819508e-07,0.493927693295989,1.08875366688998,81,2.20635245708464,1.63874006461697,2.97056944538745,0.0504474581994238
"138","Shigella","0-11mo","02Outpatient",0.103678433409764,0.0947146788356775,0.60257895099103,0.14179414054649,2.14081327151244e-05,0.324667542301099,0.880490359680962,81,1.82682402013425,1.38357059081566,2.41208220432903,0.0428680434773811
"139","Shigella","0-11mo","03Inpatient",0.165183397790736,0.130301541840836,0.746631181175197,0.167852787899775,8.6620718093656e-06,0.417645762186998,1.0756166001634,81,2.10988022647962,1.51838271055361,2.93180009173486,0.0685437509456407
"140","Shigella","12-23mo","01CommunityDetected",0.297379450583977,0.2936713458231,1.02169054253082,0.233341362704738,1.19486288019976e-05,0.564349875526034,1.4790312095356,75,2.77788693269693,1.75830429440275,4.38869189787738,0.187953815578632
"141","Shigella","12-23mo","02Outpatient",0.241496538869644,0.205452813753918,0.7266921752057,0.201747635648819,0.000315795278469177,0.331274075367906,1.12211027504349,75,2.06822794454271,1.39274145613047,3.07132871773055,0.106115207231372
"142","Shigella","12-23mo","03Inpatient",0.291351244531576,0.289497707657676,0.705213127960709,0.234763542101752,0.00266517081002232,0.245085040558223,1.1653412153632,75,2.02427806920749,1.2777299674545,3.20701697999449,0.146484891354718
"143","Shigella","24-59mo","02Outpatient",0.344398022385801,0.335362438139935,0.780643386003467,0.232585663824112,0.000789730329058273,0.324783861587868,1.23650291041907,66,2.18287624582299,1.38373153612032,3.44354998075576,0.181729157837553
"144","Shigella","24-59mo","03Inpatient",0.444896522617751,0.437962112596933,0.910357443492716,0.282995406300054,0.00129600481854255,0.355696639354331,1.4650182476311,66,2.48521069703288,1.42717453399931,4.32762220843388,0.261734755648961
"145","Vibrio","0-11mo","01CommunityDetected",0.00117399091385637,0.00357814411337008,-0.0334171483899208,0.390460694330447,0.931797198711761,-0.798706046656099,0.731871749876258,72,0.967135036607046,0.449910751154319,2.07896827678183,0
"146","Vibrio","0-11mo","02Outpatient",0.00691699079420059,0.0103392703696222,0.994043440785299,0.261393761696898,0.000143036167182618,0.481721082075933,1.50636579949466,72,2.70213834931198,1.61885819375961,4.51030960399656,0.00651294135421306
"147","Vibrio","0-11mo","03Inpatient",0.061416652099932,0.0177886254958644,1.44170977200565,0.379064302414286,0.000142759201338613,0.698757391448847,2.18466215256245,72,4.2279184172892,2.01125195518613,8.88764537787557,0.0135812062081313
"148","Vibrio","12-23mo","01CommunityDetected",0.00304387809877161,0.00546263964073814,0.889917869529115,0.35097959126811,0.0112278602120863,0.20201051133503,1.5778252277232,69,2.4349296611577,1.22386087245541,4.84440886069882,0.00321919099912896
"149","Vibrio","12-23mo","02Outpatient",0.00902170464237541,0.0146672216705487,1.61455995402711,0.264015648771373,9.63181408755246e-10,1.09709879108024,2.13202111697398,69,5.02567590836576,2.99546294151602,8.43189144017423,0.0117487641460328
"150","Vibrio","12-23mo","03Inpatient",0.0657761851431329,0.0294923727246678,2.14894565146445,0.35139664540952,9.62899620630397e-10,1.4602208821736,2.8376704207553,69,8.57581173430485,4.30691074309458,17.0759394120618,0.0260533545141009
"151","Vibrio","24-59mo","02Outpatient",0.0135640882880867,0.0224420439744459,1.27603442022914,0.319609646711256,6.53864551969081e-05,0.64961102356351,1.90245781689477,61,3.58240520654497,1.91479587366271,6.70234735744013,0.0161775253952955
"152","Vibrio","24-59mo","03Inpatient",0.11590719863156,0.093261331077559,2.61149662939891,0.356636770360259,2.43271867444461e-13,1.91250140393012,3.3104918548677,61,13.6194188289878,6.7700021461305,27.3985982922335,0.0864136577481317
