"","CONDITION","SYNDROME","AGERANGE","prev_pop1","prev_pop2","prev_pop3","prev_pop4"
"1","Adenovirus","00Asymptomatic","0-11mo",0.055735038284479,0.0769846321388667,0.0734955702311028,0.0786204903038819
"2","Adenovirus","00Asymptomatic","12-23mo",0.0526666423994353,0.0726940190543598,0.0693918083908048,0.0741577290661695
"3","Adenovirus","00Asymptomatic","24-59mo",0.0379950728722597,0.052770682985807,0.0503440628267346,0.0539855248503514
"4","Adenovirus","00Asymptomatic","99MixedAges",0.0335964373448781,0.0510142565821528,0.0490897199079506,0.0572631103980082
"5","Adenovirus","01CommunityDetected","0-11mo",0.104667241832649,0.142336255395733,0.136401250325201,0.145908684385902
"6","Adenovirus","01CommunityDetected","12-23mo",0.0991879399367541,0.134935839818067,0.129275125646203,0.138199314630767
"7","Adenovirus","02Outpatient","0-11mo",0.090071430817056,0.123105025008969,0.117819636944122,0.125943109121659
"8","Adenovirus","02Outpatient","12-23mo",0.085283433877777,0.11656859117236,0.111538905718236,0.119141503332787
"9","Adenovirus","02Outpatient","24-59mo",0.062121495141576,0.085732223880221,0.0819406424431015,0.0878945797843785
"10","Adenovirus","02Outpatient","99MixedAges",0.0550897253415566,0.0829748039407068,0.0799653471489781,0.0930284156697313
"11","Adenovirus","03Inpatient","0-11mo",0.14407754365683,0.186292020377492,0.180191394102411,0.190234520677895
"12","Adenovirus","03Inpatient","12-23mo",0.136850468137646,0.177078085603847,0.171231113763034,0.180678555700815
"13","Adenovirus","03Inpatient","24-59mo",0.101233511647412,0.132638154034587,0.128076194918637,0.135780250305537
"14","Adenovirus","03Inpatient","99MixedAges",0.0902002918789166,0.128584269090484,0.125140335272505,0.143271700973214
"15","Adenovirus","04Unspecified","0-11mo",0.147238566939776,0.194396759045369,0.187736577709055,0.206851305474873
"16","Adenovirus","04Unspecified","12-23mo",0.139878843927717,0.18487304098358,0.178482786887277,0.196663356943357
"17","Adenovirus","04Unspecified","24-59mo",0.10356828840812,0.138806839117459,0.13379529668503,0.148512869384748
"18","Adenovirus","04Unspecified","99MixedAges",0.0923067406496969,0.134593673958697,0.130747997989771,0.156579541909733
"19","Astrovirus","00Asymptomatic","0-11mo",0.036283933859703,0.0369725498289505,0.0351525628040993,0.0301144939492412
"20","Astrovirus","00Asymptomatic","12-23mo",0.0380096532358033,0.0387227551736562,0.036843323513302,0.0315762888149952
"21","Astrovirus","00Asymptomatic","24-59mo",0.0305085923955072,0.031087290296489,0.029604406848662,0.0253620943111869
"22","Astrovirus","00Asymptomatic","99MixedAges",0.0221995880684314,0.022726323297622,0.0215118893641729,0.0185233714299323
"23","Astrovirus","01CommunityDetected","0-11mo",0.0798056196864945,0.0812085301870748,0.0773667039107344,0.0666274041776015
"24","Astrovirus","01CommunityDetected","12-23mo",0.0834221153042207,0.0848682363785428,0.0809175901891953,0.0697341478394682
"25","Astrovirus","02Outpatient","0-11mo",0.0452321030853927,0.0461179909794406,0.0439808513347317,0.0377696093825324
"26","Astrovirus","02Outpatient","12-23mo",0.0473624952247101,0.048279419023202,0.0460759556047666,0.0395878258973217
"27","Astrovirus","02Outpatient","24-59mo",0.0380887665124327,0.0388356738564984,0.0370928871795219,0.0318488179889829
"28","Astrovirus","02Outpatient","99MixedAges",0.0277744480117323,0.0284519635543362,0.0270103322563219,0.0233028121300147
"29","Astrovirus","03Inpatient","0-11mo",0.0598900782841949,0.0608711535614103,0.0586416381482381,0.0499465015044522
"30","Astrovirus","03Inpatient","12-23mo",0.0626655356538326,0.0636778649923154,0.0613902875777123,0.0523190367809708
"31","Astrovirus","03Inpatient","24-59mo",0.0505544341792986,0.0513847146562883,0.0495766752345596,0.0422005685246886
"32","Astrovirus","03Inpatient","99MixedAges",0.0369942770917584,0.0377775743431089,0.0362284592429444,0.0309657160445346
"33","Astrovirus","04Unspecified","99MixedAges",0.0427031358931713,0.0437711040321443,0.0436498738033606,0.0401792410622399
"34","Campylobacter","00Asymptomatic","0-11mo",0.0761941112502592,0.0985118252865361,0.0911946017078765,0.0915638835288871
"35","Campylobacter","00Asymptomatic","12-23mo",0.0956497804551125,0.122794844845258,0.113932565934796,0.114360028692922
"36","Campylobacter","00Asymptomatic","24-59mo",0.0729552065630537,0.0943437133971721,0.0873446858700428,0.0876667945208382
"37","Campylobacter","00Asymptomatic","99MixedAges",0.0603934107480378,0.081069094516679,0.0754442879695884,0.0779248798447369
"38","Campylobacter","01CommunityDetected","0-11mo",0.0917613673038501,0.118291240014853,0.109279449493259,0.109384281729122
"39","Campylobacter","01CommunityDetected","12-23mo",0.114698503434699,0.146656680095707,0.135852537773223,0.135953099874527
"40","Campylobacter","01CommunityDetected","99MixedAges",0.0729874734199756,0.0977259758535781,0.0907174678507959,0.0933636294212663
"41","Campylobacter","02Outpatient","0-11mo",0.0816502120438531,0.105478312936179,0.09801068432416,0.0986772490699161
"42","Campylobacter","02Outpatient","12-23mo",0.102344716243818,0.1312285864002,0.12221958025133,0.123004574356057
"43","Campylobacter","02Outpatient","24-59mo",0.0781990088562591,0.101048483129316,0.0939027494303717,0.0945089021431537
"44","Campylobacter","02Outpatient","99MixedAges",0.0647974187671122,0.086921013456623,0.0811883244702424,0.0840767310495984
"45","Campylobacter","03Inpatient","0-11mo",0.077519030553776,0.098792098204091,0.0919844489368568,0.0923380477716674
"46","Campylobacter","03Inpatient","12-23mo",0.0972773850395578,0.123134768010921,0.11489445197729,0.115302468982284
"47","Campylobacter","03Inpatient","24-59mo",0.0742283307883333,0.0946133723349428,0.0881044211229963,0.0884112159618166
"48","Campylobacter","03Inpatient","99MixedAges",0.0614618555481629,0.0813042173586218,0.076109144156165,0.078593704215612
"49","Campylobacter","04Unspecified","0-11mo",0.0665239137129919,0.0868815442270676,0.0797870901222471,0.0795993489681059
"50","Campylobacter","04Unspecified","12-23mo",0.0837341724222218,0.108643215919975,0.0999937178401893,0.0997438090947356
"51","Campylobacter","04Unspecified","24-59mo",0.0636677452665571,0.0831601247920893,0.0763782857457024,0.0761687908258704
"52","Campylobacter","04Unspecified","99MixedAges",0.0526143511229792,0.0713351457648832,0.0658641922151678,0.0676098976400931
"53","Cryptosporidium","00Asymptomatic","0-11mo",0.0381786166432148,0.0405097159268891,0.0348565042962188,0.084013587034662
"54","Cryptosporidium","00Asymptomatic","12-23mo",0.0513721567833922,0.0544352633250742,0.046969742480264,0.111527166867955
"55","Cryptosporidium","00Asymptomatic","24-59mo",0.0338921815317171,0.035954379393534,0.0309603408088314,0.0751336448548241
"56","Cryptosporidium","00Asymptomatic","99MixedAges",0.0184374993284017,0.0197611314376255,0.0162502024326657,0.0459554224521291
"57","Cryptosporidium","01CommunityDetected","0-11mo",0.0480079016666903,0.0509625415680569,0.0438058285631837,0.107808314115895
"58","Cryptosporidium","01CommunityDetected","12-23mo",0.0643708572630242,0.0682258311568376,0.0588395093358798,0.141907180617774
"59","Cryptosporidium","01CommunityDetected","99MixedAges",0.0233074915863294,0.0249996409464655,0.0205239897026469,0.0596733509686374
"60","Cryptosporidium","02Outpatient","0-11mo",0.0603518211043325,0.0639470049320938,0.0553055685106491,0.127994462049583
"61","Cryptosporidium","02Outpatient","12-23mo",0.0805660055155539,0.0852137797696247,0.0739804879163027,0.167280940775437
"62","Cryptosporidium","02Outpatient","24-59mo",0.0537149585597718,0.0569124617892984,0.0492402805423283,0.115049772056159
"63","Cryptosporidium","02Outpatient","99MixedAges",0.029497160576235,0.0315893436305319,0.026078560152403,0.0715696455898522
"64","Cryptosporidium","03Inpatient","0-11mo",0.0869267705506465,0.0914498210444835,0.0809617291886253,0.176347180250383
"65","Cryptosporidium","03Inpatient","12-23mo",0.114953030861608,0.120683918241224,0.107315779507731,0.22661800355411
"66","Cryptosporidium","03Inpatient","24-59mo",0.0776088470014462,0.0816537255201233,0.0722980968605725,0.159406287765824
"67","Cryptosporidium","03Inpatient","99MixedAges",0.0431090717856191,0.0458573064707781,0.03873225015592,0.101077434875228
"68","Cryptosporidium","04Unspecified","0-11mo",0.0724189030486277,0.0763971326327111,0.0629546218783704,0.144185228369167
"69","Cryptosporidium","04Unspecified","12-23mo",0.0962607755543031,0.101356093670046,0.0839827686955747,0.187373438275535
"70","Cryptosporidium","04Unspecified","24-59mo",0.0645461838416151,0.0680926326824724,0.0561002878666648,0.129846915154738
"71","Cryptosporidium","04Unspecified","99MixedAges",0.0356289098450954,0.0379953314257958,0.0298129297533659,0.0812882650515887
"72","Cyclospora","00Asymptomatic","0-11mo",0.00285349150994361,0.00238576790978909,0.0025754878273441,0.00458800992755752
"73","Cyclospora","00Asymptomatic","12-23mo",0.00556191800041952,0.00461169079947908,0.00497555601541832,0.00889400688325176
"74","Cyclospora","00Asymptomatic","24-59mo",0.00805624908134101,0.00669207167364227,0.00721906430560213,0.0130890404060337
"75","Cyclospora","00Asymptomatic","99MixedAges",0.00476473563923826,0.00368127124717154,0.00377862020672173,0.00793588211901288
"76","Cyclospora","01CommunityDetected","0-11mo",0.00426463236422117,0.00359341990462895,0.00382404827235273,0.00708378890695383
"77","Cyclospora","01CommunityDetected","12-23mo",0.0083013099104528,0.0069382465335591,0.00737902810786713,0.013699917650204
"78","Cyclospora","02Outpatient","0-11mo",0.00365658331947491,0.00301868479720654,0.00325785042523802,0.00549833183283881
"79","Cyclospora","02Outpatient","12-23mo",0.00712183000518418,0.00583166761799151,0.0062897947363617,0.01064955502371
"80","Cyclospora","02Outpatient","24-59mo",0.0103084767636925,0.00845771629040924,0.00912046941202268,0.0156595443320682
"81","Cyclospora","02Outpatient","99MixedAges",0.00610243953183447,0.00465626622174423,0.00477821964458464,0.00950412385737944
"82","Cyclospora","03Inpatient","0-11mo",0.0078372419660921,0.00701915238824397,0.00720830174912562,0.0119987475287563
"83","Cyclospora","03Inpatient","12-23mo",0.0152039300737961,0.0135094852731484,0.0138656210495972,0.0230985673456419
"84","Cyclospora","03Inpatient","24-59mo",0.0219270303837642,0.0195250179186852,0.0200369918130056,0.0337652093067436
"85","EAEC","00Asymptomatic","0-11mo",0.29254492882288,0.389071866735266,0.376226635635199,0.526619628753601
"86","EAEC","00Asymptomatic","12-23mo",0.247949208852531,0.336581495250502,0.324576686852871,0.469648047393715
"87","EAEC","00Asymptomatic","24-59mo",0.182437567291574,0.25578472184077,0.245581603183739,0.374929364696792
"88","EAEC","00Asymptomatic","99MixedAges",0.135327133893375,0.205375248414994,0.196133607142896,0.317512988371575
"89","EAEC","01CommunityDetected","0-11mo",0.291020772877449,0.388570684902138,0.3751905250552,0.527165073415145
"90","EAEC","01CommunityDetected","12-23mo",0.246576415215261,0.336110729217526,0.323609023953305,0.470193094752646
"91","EAEC","01CommunityDetected","24-59mo",0.181340025287993,0.255383461245784,0.244764103832802,0.375442304173286
"92","EAEC","01CommunityDetected","99MixedAges",0.134466393590347,0.205031280941683,0.19543806979132,0.317987337424359
"93","EAEC","02Outpatient","0-11mo",0.259504469821173,0.3509129396061,0.338554235127452,0.487654053869605
"94","EAEC","02Outpatient","12-23mo",0.218390630659073,0.301033943363374,0.28967436436023,0.431059339690426
"95","EAEC","02Outpatient","24-59mo",0.159037231035056,0.225865205872056,0.216451555293823,0.339146475144316
"96","EAEC","02Outpatient","99MixedAges",0.11710389616566,0.179926631404132,0.171535281347454,0.284713880265773
"97","EAEC","03Inpatient","0-11mo",0.304964948354644,0.397503549350287,0.386073807789426,0.532922191020301
"98","EAEC","03Inpatient","12-23mo",0.25916951150321,0.344517127120755,0.333795410002686,0.475954317044046
"99","EAEC","03Inpatient","24-59mo",0.191447991341346,0.262569344784177,0.253398431214884,0.380877175414029
"100","EAEC","03Inpatient","99MixedAges",0.142416125911534,0.211202230789912,0.202799607747237,0.32302065672133
"101","EAEC","04Unspecified","0-11mo",0.345670301978945,0.448376693592192,0.434099786563828,0.585014746089443
"102","EAEC","04Unspecified","12-23mo",0.29636874625523,0.39303269066256,0.379336419250938,0.528782521651647
"103","EAEC","04Unspecified","24-59mo",0.221837662160319,0.304912981996239,0.292791294409052,0.431848755867068
"104","EAEC","04Unspecified","99MixedAges",0.166626626122507,0.2480484815999,0.236821560052241,0.370887808558071
"105","EPAP","00Asymptomatic","0-11mo",0.10083661402337,0.148713885034531,0.153753078807064,0.13663179543917
"106","EPAP","00Asymptomatic","12-23mo",0.130016274257334,0.188826518559425,0.194900065939892,0.174088817413683
"107","EPAP","00Asymptomatic","24-59mo",0.130261877270581,0.189374583112508,0.195484691036651,0.174623314624163
"108","EPAP","00Asymptomatic","99MixedAges",0.0930718772385649,0.148543659757639,0.153558922849918,0.138536767617525
"109","EPAP","01CommunityDetected","0-11mo",0.0835331563551839,0.125051160139187,0.129547310742006,0.114515804873875
"110","EPAP","01CommunityDetected","12-23mo",0.108308759736211,0.15998070285221,0.165483161800608,0.146941721082493
"111","EPAP","01CommunityDetected","99MixedAges",0.0769867578559048,0.124904046293973,0.129379048107501,0.116153911585766
"112","EPAP","02Outpatient","0-11mo",0.0694004121224839,0.103997469551334,0.107825719364189,0.0955936618186819
"113","EPAP","02Outpatient","12-23mo",0.0903977588192339,0.133946542524722,0.138696183872453,0.123408372097657
"114","EPAP","02Outpatient","24-59mo",0.0905763135627327,0.134361703459537,0.139141355536486,0.123810593330122
"115","EPAP","02Outpatient","99MixedAges",0.0638843752751346,0.103872183455257,0.107682179642914,0.0969907422721376
"116","EPAP","03Inpatient","0-11mo",0.0923597285667556,0.133504656201646,0.137534226124978,0.121078857315631
"117","EPAP","03Inpatient","12-23mo",0.119412152439962,0.170335756897786,0.175239580565602,0.155037766823735
"118","EPAP","03Inpatient","24-59mo",0.119640478803342,0.170841455690256,0.175778107596133,0.155524786807314
"119","EPAP","03Inpatient","99MixedAges",0.0851858980253884,0.133349113103646,0.13735722666368,0.122797826646797
"120","EPAP","04Unspecified","0-11mo",0.105005418436074,0.1556810899367,0.160645989055753,0.144797607507469
"121","EPAP","04Unspecified","12-23mo",0.135210026422451,0.197237575432129,0.203194711380244,0.184016117584668
"122","EPAP","04Unspecified","24-59mo",0.135463912853795,0.19780409981305,0.203797919063519,0.184574282633993
"123","EPAP","04Unspecified","99MixedAges",0.0969542843145945,0.155504346445909,0.160444779166774,0.146797072655912
"124","EPTP","00Asymptomatic","0-11mo",0.102098566627248,0.119018493066795,0.117924178818638,0.161939507094149
"125","EPTP","00Asymptomatic","12-23mo",0.0965592928173574,0.112617179744071,0.11157804182438,0.153473438318688
"126","EPTP","00Asymptomatic","24-59mo",0.0725432715249111,0.085015856033918,0.0842066589857823,0.117149109656307
"127","EPTP","00Asymptomatic","99MixedAges",0.0550417873200319,0.0680017355090118,0.067585022093843,0.100605573325146
"128","EPTP","01CommunityDetected","0-11mo",0.124537572542445,0.145109389790992,0.143784160758017,0.196167931927094
"129","EPTP","01CommunityDetected","12-23mo",0.117940797649339,0.137523854570667,0.13626134018303,0.186310239717581
"130","EPTP","01CommunityDetected","99MixedAges",0.067921069976195,0.0839749151155139,0.0834503321304323,0.123784937958776
"131","EPTP","02Outpatient","0-11mo",0.103848002372781,0.120953859861286,0.119800166722757,0.165451767721538
"132","EPTP","02Outpatient","12-23mo",0.0982241973203699,0.114461978626672,0.113366047876168,0.156836443454898
"133","EPTP","02Outpatient","24-59mo",0.0738279235157488,0.086452563016918,0.0855983068237913,0.119828824702009
"134","EPTP","02Outpatient","99MixedAges",0.0560352349672715,0.0691726530114724,0.0687225849999362,0.102950993683025
"135","EPTP","03Inpatient","0-11mo",0.135696544541964,0.154910554296466,0.153744712921523,0.205529067980367
"136","EPTP","03Inpatient","12-23mo",0.12859550192513,0.146900707472273,0.145789489171047,0.195315266694153
"137","EPTP","03Inpatient","24-59mo",0.0974711588154046,0.11195695000822,0.111074910318152,0.150852515402031
"138","EPTP","03Inpatient","99MixedAges",0.0744383653672905,0.0900819630998766,0.0896690143887142,0.130251656297123
"139","EPTP","04Unspecified","0-11mo",0.113326870123849,0.13296223952162,0.131960923490087,0.180161301469418
"140","EPTP","04Unspecified","12-23mo",0.107251178636567,0.125918163434719,0.124966412321178,0.170936915256759
"141","EPTP","04Unspecified","24-59mo",0.0808137683279734,0.09540739766956,0.0946606493902587,0.131119513177112
"142","EPTP","04Unspecified","99MixedAges",0.0614491789875788,0.0764874771241666,0.0761470682500019,0.112855300509496
"143","ETLT","00Asymptomatic","0-11mo",0.064174277749122,0.0774809757835295,0.0691965784915894,0.118761492766081
"144","ETLT","00Asymptomatic","12-23mo",0.0903482546839662,0.108350477766765,0.0971639869984848,0.16316939256076
"145","ETLT","00Asymptomatic","24-59mo",0.0785838970056886,0.0944544559611528,0.0845642550253985,0.143280039020264
"146","ETLT","00Asymptomatic","99MixedAges",0.0558762254160786,0.0705979802801693,0.0605158199295991,0.110211496718363
"147","ETLT","01CommunityDetected","0-11mo",0.0830139095455582,0.0999445985134705,0.0891184297852857,0.151052065120508
"148","ETLT","01CommunityDetected","12-23mo",0.115919979168912,0.138421029283231,0.124064503059897,0.204729131414508
"149","ETLT","01CommunityDetected","99MixedAges",0.0724684427693774,0.0912634715921561,0.0781482896137073,0.140548137993463
"150","ETLT","02Outpatient","0-11mo",0.0671183547026814,0.0810151011365537,0.072343905059932,0.124083068135102
"151","ETLT","02Outpatient","12-23mo",0.0943720068669227,0.113119992434664,0.101444741304097,0.170096753371806
"152","ETLT","02Outpatient","24-59mo",0.0821310169631535,0.0986799740438276,0.0883442210936622,0.149513863611662
"153","ETLT","02Outpatient","99MixedAges",0.0584634008978691,0.0738432832739839,0.0632951611622769,0.115200038836505
"154","ETLT","03Inpatient","0-11mo",0.0657940936288554,0.0787168548373883,0.071175649396985,0.120144440948758
"155","ETLT","03Inpatient","12-23mo",0.0925633790954233,0.110020025459383,0.0998571330883274,0.164972652247373
"156","ETLT","03Inpatient","24-59mo",0.0805361238806194,0.0959329203576637,0.0869417982979751,0.144901552960418
"157","ETLT","03Inpatient","99MixedAges",0.0572994154405777,0.071732607338173,0.0622632226674032,0.111507480461842
"158","ETLT","04Unspecified","99MixedAges",0.0847335472599872,0.107389965155989,0.093476716938706,0.170124203487869
"159","ETST","00Asymptomatic","0-11mo",0.0332903287188484,0.038054304713442,0.0339050428699754,0.058241837874612
"160","ETST","00Asymptomatic","12-23mo",0.0515693541602984,0.05874199767577,0.0524790734366766,0.088835863035437
"161","ETST","00Asymptomatic","24-59mo",0.0442408022220734,0.0504463713792381,0.0450168716420104,0.0765515909165707
"162","ETST","00Asymptomatic","99MixedAges",0.0318220227046185,0.0375251400773593,0.0325268457818811,0.0588827007741181
"163","ETST","01CommunityDetected","0-11mo",0.0563520991114337,0.0642887014674003,0.0571912296443814,0.0969459809040947
"164","ETST","01CommunityDetected","12-23mo",0.0861652010730328,0.0977885302094865,0.0873683643222923,0.144746185942273
"165","ETST","01CommunityDetected","99MixedAges",0.0539233664745304,0.063418784656212,0.0549202879617169,0.0979684209565123
"166","ETST","02Outpatient","0-11mo",0.0561497198251405,0.0640122573075275,0.0571405323576098,0.0969590001747129
"167","ETST","02Outpatient","12-23mo",0.0858654954711384,0.0973830272589258,0.0872933932511157,0.144764595450048
"168","ETST","02Outpatient","24-59mo",0.0740435973938436,0.0841181358054214,0.0752740832468697,0.1258143651773
"169","ETST","02Outpatient","99MixedAges",0.0537292129479592,0.0631458287385928,0.0548714865946619,0.0979815626368599
"170","ETST","03Inpatient","0-11mo",0.0684064298231396,0.0772051700015959,0.0700970885682701,0.114893863537377
"171","ETST","03Inpatient","12-23mo",0.1038947405028,0.116596885858851,0.106316129618134,0.169878745621668
"172","ETST","03Inpatient","24-59mo",0.0898345271549723,0.10100768325556,0.0919414510911127,0.148210702587156
"173","ETST","03Inpatient","99MixedAges",0.0654942230353717,0.0761747035421936,0.0673502910488934,0.116081259255125
"174","ETST","04Unspecified","99MixedAges",0.060248851762733,0.070982758949888,0.062182460095501,0.111378172160597
"175","Entamoeba","00Asymptomatic","0-11mo",0.00405746984433217,0.00341869909432307,0.00375922375425178,0.00564251947567331
"176","Entamoeba","00Asymptomatic","12-23mo",0.00501359259114288,0.00422673605751647,0.00464588525090284,0.00696003991460087
"177","Entamoeba","00Asymptomatic","24-59mo",0.00840659319333509,0.00708485758272521,0.0077632490291898,0.0116042146126558
"178","Entamoeba","00Asymptomatic","99MixedAges",0.00919470349045619,0.00758477063159803,0.00835686842973169,0.0126948701059941
"179","Entamoeba","01CommunityDetected","0-11mo",0.0100110344595667,0.00830453544045546,0.00904077654030343,0.0139231064246319
"180","Entamoeba","01CommunityDetected","12-23mo",0.0123526847984454,0.0102554952880402,0.0111592067764736,0.0171408024824922
"181","Entamoeba","01CommunityDetected","99MixedAges",0.0225157672268071,0.0183151298646304,0.0199684475822657,0.0310023372677817
"182","Entamoeba","02Outpatient","0-11mo",0.00655344176565176,0.00553224389548204,0.00607196009889046,0.00900586421135155
"183","Entamoeba","02Outpatient","12-23mo",0.00809294861023404,0.0068364072668415,0.00750000374076091,0.0110999542985135
"184","Entamoeba","02Outpatient","24-59mo",0.0135415725773149,0.0114389185720588,0.0125083989085448,0.0184552010990043
"185","Entamoeba","02Outpatient","99MixedAges",0.0148038954114773,0.0122422695632283,0.01345993575504,0.020176621813134
"186","Entamoeba","03Inpatient","0-11mo",0.0122271706410141,0.0105384023020336,0.0113041669877313,0.0171340847873976
"187","Entamoeba","03Inpatient","12-23mo",0.0150792948987889,0.0130072745324468,0.0139454901832892,0.0210779909573832
"188","Entamoeba","03Inpatient","24-59mo",0.0251124339735345,0.0216735705790359,0.0231576604581811,0.034812303435114
"189","Entamoeba","03Inpatient","99MixedAges",0.0274233878634634,0.0231788441946686,0.0248988798589806,0.0380003753415569
"190","Entamoeba","04Unspecified","0-11mo",0.00724155402255704,0.00613619677950815,0.00697660989091898,0.010453875042987
"191","Entamoeba","04Unspecified","12-23mo",0.00894125441643982,0.00758164970941151,0.00861557078010787,0.0128802879008454
"192","Entamoeba","04Unspecified","24-59mo",0.0149523957339787,0.0126794792167161,0.0143581485820343,0.0213897335947558
"193","Entamoeba","04Unspecified","99MixedAges",0.0163440541638294,0.0135687584747335,0.0154481979685152,0.0233783552582341
"194","Giardia","00Asymptomatic","0-11mo",0.0865379632870755,0.0604185350394108,0.055205045988303,0.0925522786881749
"195","Giardia","00Asymptomatic","12-23mo",0.272303876493987,0.202573213822325,0.187507015197635,0.287018135502137
"196","Giardia","00Asymptomatic","24-59mo",0.422652602224339,0.331856202249636,0.310913173239674,0.440676988659034
"197","Giardia","00Asymptomatic","99MixedAges",0.0698358471526466,0.0486561426434708,0.0453055914621578,0.0833649128936924
"198","Giardia","01CommunityDetected","0-11mo",0.0781113262855741,0.0543735620667676,0.0495972259956067,0.0843845777387879
"199","Giardia","01CommunityDetected","12-23mo",0.250753866726832,0.185107476741512,0.170890614933997,0.266733327635384
"200","Giardia","01CommunityDetected","99MixedAges",0.0629235473270632,0.0437332393658431,0.0406600974285096,0.0759401426665405
"201","Giardia","02Outpatient","0-11mo",0.0710992406598906,0.0494160077661638,0.0451710551191522,0.0760356981767208
"202","Giardia","02Outpatient","12-23mo",0.23214628173967,0.170377789361674,0.157433007112299,0.245174059074412
"203","Giardia","02Outpatient","24-59mo",0.37164639442793,0.286495650313383,0.267564282619112,0.388642217512016
"204","Giardia","02Outpatient","99MixedAges",0.0571902941060356,0.0397050908728932,0.0370004460632319,0.0683643614388047
"205","Giardia","03Inpatient","0-11mo",0.0544649392075855,0.0378070274970575,0.0344907558513176,0.0583737412209194
"206","Giardia","03Inpatient","12-23mo",0.185351895975439,0.134368870623057,0.123646615633309,0.196582774655973
"207","Giardia","03Inpatient","24-59mo",0.308012235682627,0.232832991526621,0.216207729750297,0.323814859757991
"208","Giardia","03Inpatient","99MixedAges",0.0436571750746748,0.0303047041826807,0.0281949697482208,0.0523833161271191
"209","Giardia","04Unspecified","0-11mo",0.0458182158046797,0.0320385175009878,0.0291881157330731,0.0503079800125811
"210","Giardia","04Unspecified","12-23mo",0.159429533331079,0.115637831842485,0.10614395087679,0.172927158540416
"211","Giardia","04Unspecified","24-59mo",0.270634171678959,0.203604503228735,0.188419745367769,0.290382572446773
"212","Giardia","04Unspecified","99MixedAges",0.0366597418564223,0.0256503662159998,0.0238363536344677,0.0451056292828189
"213","Norovirus","00Asymptomatic","0-11mo",0.133522211595548,0.153528060912125,0.152010999523776,0.105202129395579
"214","Norovirus","00Asymptomatic","12-23mo",0.127544199710259,0.146714606673746,0.145258319113541,0.100492727450173
"215","Norovirus","00Asymptomatic","24-59mo",0.0861179330405489,0.0999272190618234,0.0988871298801076,0.0671427980760378
"216","Norovirus","00Asymptomatic","99MixedAges",0.0941635560962792,0.112458235248515,0.111078939765322,0.0699610714686066
"217","Norovirus","01CommunityDetected","0-11mo",0.198420187548737,0.225321332514979,0.223039403868487,0.157899468030575
"218","Norovirus","01CommunityDetected","12-23mo",0.190174303344182,0.216135284867186,0.213927470953795,0.151229751686139
"219","Norovirus","01CommunityDetected","99MixedAges",0.143090562167438,0.168877897118932,0.166742262908809,0.107118897250826
"220","Norovirus","02Outpatient","0-11mo",0.156218197465573,0.179243647941318,0.17752922366508,0.122982262764804
"221","Norovirus","02Outpatient","12-23mo",0.149399252187439,0.171520204638226,0.169870044326519,0.117581518360182
"222","Norovirus","02Outpatient","24-59mo",0.101701950798991,0.117915449496261,0.116714844005827,0.079058878026648
"223","Norovirus","02Outpatient","99MixedAges",0.111026639137117,0.132370470483284,0.130785625149189,0.0823331762704992
"224","Norovirus","03Inpatient","0-11mo",0.179268368688011,0.20118463256256,0.199650126050274,0.14164261046099
"225","Norovirus","03Inpatient","12-23mo",0.171647956956874,0.192737784214085,0.191258509875095,0.135549054198166
"226","Norovirus","03Inpatient","24-59mo",0.117831498606164,0.133571045153196,0.132478588997369,0.0917518773668289
"227","Norovirus","03Inpatient","99MixedAges",0.128423624786096,0.149619720637251,0.148131087743261,0.0954973562880274
"228","Norovirus","04Unspecified","0-11mo",0.17095101426597,0.195660669416011,0.194167786621391,0.131939775091678
"229","Norovirus","04Unspecified","12-23mo",0.163613677941483,0.187391340849203,0.185953063595855,0.126202268443438
"230","Norovirus","04Unspecified","24-59mo",0.11197568006661,0.129602359582352,0.128544514230608,0.0851277250627481
"231","Norovirus","04Unspecified","99MixedAges",0.122114280044114,0.145254135009926,0.143809250070653,0.0886291813082485
"232","Rotavirus","00Asymptomatic","0-11mo",0.0469879326866052,0.037751270007997,0.0379584834655622,0.041043439285737
"233","Rotavirus","00Asymptomatic","12-23mo",0.0401509672642663,0.0322699837981666,0.0324486215231359,0.035078170537129
"234","Rotavirus","00Asymptomatic","24-59mo",0.0244663254582992,0.0195664666023614,0.0196722137097821,0.0213950844487056
"235","Rotavirus","00Asymptomatic","99MixedAges",0.0316490955858661,0.0243988411130076,0.0245423871743523,0.0276731133342182
"236","Rotavirus","01CommunityDetected","0-11mo",0.121631151246138,0.098474346359035,0.099084498129639,0.106094504623929
"237","Rotavirus","01CommunityDetected","12-23mo",0.105131368879327,0.0849547925424297,0.0854903551875955,0.091577571556928
"238","Rotavirus","01CommunityDetected","99MixedAges",0.0840752717847146,0.0650974579032181,0.0655356700969282,0.0731495818679207
"239","Rotavirus","02Outpatient","0-11mo",0.189955882961976,0.15837477439728,0.159030590399762,0.172346021931097
"240","Rotavirus","02Outpatient","12-23mo",0.165938542479927,0.137889313516537,0.138476142890105,0.150287969345949
"241","Rotavirus","02Outpatient","24-59mo",0.106571794792885,0.0873607652896777,0.0877378543627783,0.0961422624576936
"242","Rotavirus","02Outpatient","99MixedAges",0.134534706616221,0.107107330276706,0.107609093038607,0.121627579384228
"243","Rotavirus","03Inpatient","0-11mo",0.355684764870357,0.311481392815338,0.312313167349184,0.329410642451328
"244","Rotavirus","03Inpatient","12-23mo",0.318964203031196,0.277727009002529,0.278508281529658,0.294400826606814
"245","Rotavirus","03Inpatient","24-59mo",0.219241249354549,0.187075413701754,0.187636341066535,0.200591132997863
"246","Rotavirus","03Inpatient","99MixedAges",0.267902330031744,0.223833062566934,0.224563507576033,0.246221353881573
"247","Rotavirus","04Unspecified","0-11mo",0.300019043740346,0.249552486665496,0.250839603870655,0.268420005737262
"248","Rotavirus","04Unspecified","12-23mo",0.266666862142157,0.220361283121935,0.221545012819836,0.237595622213025
"249","Rotavirus","04Unspecified","24-59mo",0.178997045546235,0.144683343865443,0.145510664816484,0.157837673602851
"250","Rotavirus","04Unspecified","99MixedAges",0.221257133898456,0.174903664452818,0.17594297250073,0.196128464062694
"251","STEC","00Asymptomatic","0-11mo",0.0220135646441031,0.0188366850893686,0.01459657200292,0.0197351003176574
"252","STEC","00Asymptomatic","12-23mo",0.0372270112259273,0.0319691966333059,0.024833794930919,0.0332994449527076
"253","STEC","00Asymptomatic","24-59mo",0.0491248419935944,0.0422921738356608,0.0330450659715869,0.0441349821833428
"254","STEC","00Asymptomatic","99MixedAges",0.0225531617252976,0.0188413401270189,0.0152551357327226,0.0223648481124361
"255","STEC","01CommunityDetected","0-11mo",0.0165629457677227,0.0141263674145005,0.0108460960829451,0.0147547666808357
"256","STEC","01CommunityDetected","12-23mo",0.0281178021060068,0.0240554648179489,0.0185023329951799,0.0249832661038536
"257","STEC","02Outpatient","0-11mo",0.0165166251005892,0.0141176303105266,0.0110394778554994,0.0150414672595891
"258","STEC","02Outpatient","12-23mo",0.0280400879873616,0.0240407363576053,0.0188296239883012,0.0254635804562287
"259","STEC","02Outpatient","24-59mo",0.0371149479587669,0.031887916375684,0.0251067345950991,0.0338386040116662
"260","STEC","02Outpatient","99MixedAges",0.0169238127155095,0.0141211359305465,0.0115394330569955,0.0170566602303096
"261","STEC","03Inpatient","0-11mo",0.0148889174024199,0.0130227880352614,0.010737605056243,0.0141840268238883
"262","STEC","03Inpatient","12-23mo",0.0253059679330572,0.0221936668469111,0.0183186766689303,0.0240265188241411
"263","STEC","03Inpatient","24-59mo",0.0335264829526593,0.0294561383060725,0.0244296970515854,0.0319443829797187
"264","STEC","03Inpatient","99MixedAges",0.0152565993200223,0.0130260253815134,0.0112240442197654,0.0160862196508722
"265","STEC","04Unspecified","99MixedAges",0.0138034489094737,0.012249637640845,0.0107524491536658,0.0162799978884262
"266","Salmonella","00Asymptomatic","0-11mo",0.0128384219540999,0.0112553968472814,0.0124034029858479,0.011281661899066
"267","Salmonella","00Asymptomatic","12-23mo",0.0115016277754163,0.0100914854775732,0.0111435175589392,0.0101620497220243
"268","Salmonella","00Asymptomatic","24-59mo",0.0135858523858219,0.01191262194606,0.0131377709238402,0.0119569294182171
"269","Salmonella","00Asymptomatic","99MixedAges",0.0168008375372318,0.0143500480307691,0.0153421136473915,0.0130307578949043
"270","Salmonella","01CommunityDetected","0-11mo",0.0138601463183022,0.0121512529230358,0.0137559474267319,0.0127846092755212
"271","Salmonella","01CommunityDetected","12-23mo",0.0124183039302961,0.010895722677463,0.0123603957027265,0.0115175794382353
"272","Salmonella","01CommunityDetected","99MixedAges",0.0181321119432589,0.0154883597000705,0.0170095941590037,0.0147632412059943
"273","Salmonella","02Outpatient","0-11mo",0.0214299335727302,0.0188237206850804,0.0205476147681405,0.0183448352868526
"274","Salmonella","02Outpatient","12-23mo",0.019215966518523,0.0168905447434142,0.0184759508914425,0.0165359845836328
"275","Salmonella","02Outpatient","24-59mo",0.0226660621398054,0.0199139745713738,0.0217535556527903,0.0194345612596747
"276","Salmonella","02Outpatient","99MixedAges",0.0279688813841837,0.023948866513151,0.0253663540074279,0.0211655554762894
"277","Salmonella","03Inpatient","0-11mo",0.0340538462889107,0.0304723837738606,0.0328151695846629,0.0305806577533607
"278","Salmonella","03Inpatient","12-23mo",0.0305764299691659,0.0273762813158637,0.0295439669246123,0.027599241988705
"279","Salmonella","03Inpatient","24-59mo",0.0359913695796368,0.032215166383897,0.0347155750820276,0.0323732503215812
"280","Salmonella","03Inpatient","99MixedAges",0.0442704852670262,0.0386442032785491,0.0403922000454375,0.0352152783414626
"281","Salmonella","04Unspecified","0-11mo",0.0194736007024603,0.0170312602407667,0.018689063745631,0.0167297087801837
"282","Salmonella","04Unspecified","12-23mo",0.0174581403257375,0.0152793014337757,0.0168015694167276,0.0150776678676532
"283","Salmonella","04Unspecified","24-59mo",0.0205992588716382,0.0180196029886134,0.0197881298873208,0.0177252248527604
"284","Salmonella","04Unspecified","99MixedAges",0.0254311229995595,0.0216791549283848,0.0230822151628523,0.0193069698679994
"285","Sapovirus","00Asymptomatic","0-11mo",0.0590680704585066,0.0668053706334795,0.0659828952148188,0.0773429795343268
"286","Sapovirus","00Asymptomatic","12-23mo",0.0796352659482506,0.0897977053739982,0.0887199179734356,0.103248499393996
"287","Sapovirus","00Asymptomatic","24-59mo",0.0528273762798313,0.059778214992414,0.0590433151198381,0.0689783614445299
"288","Sapovirus","00Asymptomatic","99MixedAges",0.0409189772897059,0.0477031618423616,0.0470301983273792,0.0624752299786048
"289","Sapovirus","01CommunityDetected","0-11mo",0.121928154284639,0.136259687761261,0.134628540686785,0.155461036043455
"290","Sapovirus","01CommunityDetected","12-23mo",0.160646025704746,0.178581628164459,0.176548928166024,0.201808699918502
"291","Sapovirus","01CommunityDetected","99MixedAges",0.0862349625596723,0.0994134886249882,0.0980277185915905,0.127654183911957
"292","Sapovirus","02Outpatient","0-11mo",0.0682934132209329,0.077392815656023,0.076501019322274,0.0896720499694104
"293","Sapovirus","02Outpatient","12-23mo",0.0917595702003529,0.103624395373245,0.102464865701825,0.119173724056708
"294","Sapovirus","02Outpatient","24-59mo",0.0611413721478281,0.0693347269991512,0.0685363948235917,0.0800897893016882
"295","Sapovirus","02Outpatient","99MixedAges",0.047452717674333,0.0554431134030289,0.0547040799664583,0.0726208073878498
"296","Sapovirus","03Inpatient","0-11mo",0.0760164977641803,0.08432501578571,0.0835465068020687,0.0961482070909691
"297","Sapovirus","03Inpatient","12-23mo",0.101846286221284,0.112619392694146,0.11161254200763,0.127482133570893
"298","Sapovirus","03Inpatient","24-59mo",0.0681147846479553,0.0756042979678579,0.0749078647744421,0.0859392424955106
"299","Sapovirus","03Inpatient","99MixedAges",0.0529529420018422,0.0605382497237415,0.0598722877714579,0.077970991321163
"300","Sapovirus","04Unspecified","99MixedAges",0.0421083025801792,0.0491773637741658,0.0490866058267265,0.0736849489673841
"301","Shigella","00Asymptomatic","0-11mo",0.0123829321488671,0.0210886959926917,0.0176861327568517,0.0276599945263515
"302","Shigella","00Asymptomatic","12-23mo",0.0367685755851745,0.0613810480241884,0.0518334729662805,0.0792978168416126
"303","Shigella","00Asymptomatic","24-59mo",0.0607618247759421,0.09976645246047,0.0847452359792118,0.127423670857695
"304","Shigella","00Asymptomatic","99MixedAges",0.0103020924574255,0.0196770651905858,0.0169962591760846,0.0292990698225202
"305","Shigella","01CommunityDetected","0-11mo",0.0315860106999859,0.0536484906599181,0.0441567889496225,0.0684042242430141
"306","Shigella","01CommunityDetected","12-23mo",0.0903294025670547,0.146819732695007,0.123012019677254,0.181878491836035
"307","Shigella","01CommunityDetected","99MixedAges",0.0263644095305674,0.0501690771183726,0.042479038991718,0.0722782457878528
"308","Shigella","02Outpatient","0-11mo",0.040728829523913,0.0674234983036556,0.0572443833936281,0.0880309875009847
"309","Shigella","02Outpatient","12-23mo",0.114466123050882,0.179968313183627,0.155665197669089,0.226159594485542
"310","Shigella","02Outpatient","24-59mo",0.179701811350375,0.271094631334089,0.237959269715952,0.331339855794809
"311","Shigella","02Outpatient","99MixedAges",0.0340489361142735,0.0631102744788045,0.0550980306477254,0.0929057041726403
"312","Shigella","03Inpatient","0-11mo",0.0474213477341203,0.0756072463896512,0.0657045684809711,0.0970909783484299
"313","Shigella","03Inpatient","12-23mo",0.131612691937789,0.19889905905836,0.175956249259416,0.24560696461656
"314","Shigella","03Inpatient","24-59mo",0.204365214652459,0.296149146121723,0.265602977424373,0.35567461826641
"315","Shigella","03Inpatient","99MixedAges",0.0396892351700875,0.070810242483345,0.0632622908411439,0.102411053195608
"316","Shigella","04Unspecified","0-11mo",0.0358283190324576,0.0627563163886213,0.0527363511384713,0.0839546932213847
"317","Shigella","04Unspecified","12-23mo",0.10163349678123,0.168921706020577,0.144595227311903,0.217210626801211
"318","Shigella","04Unspecified","24-59mo",0.160884426880851,0.256202160652217,0.222579787410624,0.31994975193822
"319","Shigella","04Unspecified","99MixedAges",0.0299270788288816,0.0587228616171592,0.0507499261059662,0.0886256211190178
"320","Vibrio","00Asymptomatic","0-11mo",0.0017625341830826,0.00121837855235623,0.00117858121689475,0.00129801764269182
"321","Vibrio","00Asymptomatic","12-23mo",0.00229026342610915,0.0015960911039307,0.00154039102227444,0.00168307081016685
"322","Vibrio","00Asymptomatic","24-59mo",0.00432120501451318,0.00300770159463303,0.00290112986957458,0.00319516833725647
"323","Vibrio","00Asymptomatic","99MixedAges",0.00221099919568991,0.00139647744262763,0.00136753932804729,0.00155875989420579
"324","Vibrio","02Outpatient","0-11mo",0.00456947152564192,0.00314416486425332,0.00305498099779654,0.00343040219677388
"325","Vibrio","02Outpatient","12-23mo",0.00593264519404436,0.00411643461580645,0.0039905208687285,0.00444520551593474
"326","Vibrio","02Outpatient","24-59mo",0.0111574283222902,0.00773980049352299,0.00749938016508311,0.00841792401874219
"327","Vibrio","02Outpatient","99MixedAges",0.00572804470706563,0.00360275393799653,0.00354370887440822,0.00411772594374305
"328","Vibrio","03Inpatient","0-11mo",0.0125988866248124,0.00922195350566539,0.00904344349925496,0.00931627916635198
"329","Vibrio","03Inpatient","12-23mo",0.0163181439757287,0.0120509367875539,0.011791166047188,0.0120512241240617
"330","Vibrio","03Inpatient","24-59mo",0.0304094699909122,0.0225006097870254,0.0220075647067271,0.0226667404496862
"331","Vibrio","03Inpatient","99MixedAges",0.0157610552062524,0.0105576239289565,0.0104801190422912,0.0111696937127796
