"","CONDITION","SYNDROME","AGERANGE","RawPrev","MEPrev","PrevPercentageChange","aOR","aOR_CI_lo","aOR_CI_hi","PAF"
"1","Adenovirus","01CommunityDetected","0-11mo",0.207489372110901,0.134577178507101,35.140206393236,1.86295366577934,1.25194378467119,2.77216629319518,0.104050125790539
"2","Adenovirus","02Outpatient","0-11mo",0.185922292514386,0.111420953006795,40.07122464985,1.09304374913892,0.760117612187812,1.57178917890467,0.010260650795535
"3","Adenovirus","03Inpatient","0-11mo",0.270510852619676,0.154206477382098,42.994347217964,2.26632762749608,1.48590165161415,3.45664930755844,0.163373091474327
"4","Adenovirus","01CommunityDetected","12-23mo",0.22131286975135,0.132563839688004,40.1011609325105,1.99412133099429,1.25727681377082,3.16280379879119,0.116439601361535
"5","Adenovirus","02Outpatient","12-23mo",0.199963495895036,0.109710125481854,45.1349232564713,1.59384030221204,1.02289133528658,2.48347680865207,0.0611653533162989
"6","Adenovirus","03Inpatient","12-23mo",0.263012457263436,0.151951036385396,42.226677030282,1.74984264878456,1.0668861328807,2.86998696593589,0.102285071272209
"7","Adenovirus","02Outpatient","24-59mo",0.181946628638046,0.0790267050369806,56.5659965075848,1.30611458832491,0.960598384316365,1.77590900181372,0.0236198344945185
"8","Adenovirus","03Inpatient","24-59mo",0.132275623411535,0.110925740177781,16.1404517953623,1.19746920516527,0.811755943104329,1.76645765208135,0.0214348987683271
"9","Astrovirus","01CommunityDetected","0-11mo",0.161179539796634,0.0805549859798433,50.0215808523325,1.86149849970424,1.60625822863859,2.15729737760665,0.0648944542570108
"10","Astrovirus","02Outpatient","0-11mo",0.0491459760224281,0.0478128092107263,2.71266728143386,1.07133995559409,0.870665971676707,1.31826594559794,0.00339936856319766
"11","Astrovirus","03Inpatient","0-11mo",0.0663366694859063,0.0623523351087048,6.00623216100409,1.49996447488539,1.09492310024997,2.05484150019719,0.0302315166180374
"12","Astrovirus","01CommunityDetected","12-23mo",0.202966650186656,0.0848859351876326,58.1773975628172,2.48658568965152,2.05258404459815,3.01235333493506,0.11205053520577
"13","Astrovirus","02Outpatient","12-23mo",0.0587615117996437,0.0504800595835914,14.0933273539476,1.55620864962155,1.2125061302147,1.99733865323066,0.0273106329578818
"14","Astrovirus","03Inpatient","12-23mo",0.0344936045863425,0.0657746487197166,-90.6865040882378,1.87601494319951,1.27417931391143,2.76211678268739,0.0544804356077989
"15","Astrovirus","02Outpatient","24-59mo",0.0488883206536369,0.0409297483178208,16.2790871713528,1.28052003859608,0.905989661774766,1.80987889644788,0.0113512835155535
"16","Astrovirus","03Inpatient","24-59mo",0.0228277218606464,0.0534937751855857,-134.336897532494,1.70506507543768,1.00397884240796,2.89572527694361,0.0363457546157566
"17","Campylobacter","01CommunityDetected","0-11mo",0.296326420542056,0.177547710490841,40.0837393553834,1.37900555028746,0.999818772450034,1.90200100270537,0.0630489078638642
"18","Campylobacter","02Outpatient","0-11mo",0.144700245781677,0.172021392466427,-18.881202680175,1.02336301153076,0.757535193814743,1.38247286980231,0.00400285056837129
"19","Campylobacter","03Inpatient","0-11mo",0.319927533472751,0.151965626549278,52.4999849498037,1.02964221037847,0.738727298023459,1.43512103076416,0.00448439667234692
"20","Campylobacter","01CommunityDetected","12-23mo",0.319524254057164,0.217681901009643,31.8731212902859,1.06839142959678,0.892825853607269,1.27848027946774,0.0146691877538737
"21","Campylobacter","02Outpatient","12-23mo",0.181395311462273,0.211227203014777,-16.4457897571999,1.0737852416879,0.880417354556569,1.30962291837997,0.015346271672211
"22","Campylobacter","03Inpatient","12-23mo",0.296569723965537,0.187636348702886,36.7311180002007,0.937117849564684,0.739241814375978,1.18796021395793,0
"23","Campylobacter","02Outpatient","24-59mo",0.134960859128402,0.162125342096803,-20.1276749005849,0.8649600374687,0.619226471416326,1.20821040597091,0
"24","Campylobacter","03Inpatient","24-59mo",0.312759659802645,0.143024044103072,54.2703032119546,0.720744053435764,0.480351803963577,1.08144069883082,0
"25","Cryptosporidium","01CommunityDetected","0-11mo",0.0514638401474015,0.0792119133547514,-53.9176111379845,1.41916386056731,1.14015635728481,1.76644725109156,0.0321357746258847
"26","Cryptosporidium","02Outpatient","0-11mo",0.10628408508969,0.0839137794002806,21.0476532498084,1.63994961401776,1.33499331755398,2.01456793914495,0.0509638043387359
"27","Cryptosporidium","03Inpatient","0-11mo",0.257119429939739,0.13145649222749,48.8733728686706,2.37382081813387,1.85080887765953,3.04462840254562,0.152971389786503
"28","Cryptosporidium","01CommunityDetected","12-23mo",0.122654466700947,0.118931608916937,3.03524028447042,1.27631938890181,0.996446901917581,1.63479978647314,0.0318174879079956
"29","Cryptosporidium","02Outpatient","12-23mo",0.129270531938088,0.125669381973093,2.78574699972603,1.20780266021758,0.932557272490126,1.56428705138226,0.0254498241819031
"30","Cryptosporidium","03Inpatient","12-23mo",0.239137820017973,0.191913374198728,19.7477947301251,1.96036373169146,1.43588283033207,2.67642030348848,0.155624090355755
"31","Cryptosporidium","02Outpatient","24-59mo",0.0999111401818947,0.0870319426258679,12.8906521660941,0.988760927105127,0.79221035021152,1.2340764933313,0
"32","Cryptosporidium","03Inpatient","24-59mo",0.113955327337214,0.136078877201615,-19.4142304544775,1.54751579756601,1.07252495443829,2.23286659560345,0.0693391950297886
"33","Cyclospora","01CommunityDetected","0-11mo",0.000892128508653932,0.00384155217646797,-330.605247921536,0.764671562535533,0.319102156811004,1.83239939332923,0
"34","Cyclospora","02Outpatient","0-11mo",0.00335422589967869,0.00438340107849297,-30.6829417456013,2.09597553519483,0.710863547277687,6.17996725385491,0.00478113130841635
"35","Cyclospora","03Inpatient","0-11mo",0.00479735318444996,0.00923261049739274,-92.4521739887555,4.03058555034592,1.48277711046131,10.9562116679851,0.0272186327429409
"36","Cyclospora","01CommunityDetected","12-23mo",0.00955991125019071,0.00746017720724318,21.9639491204025,1.72618885434068,0.903007475467277,3.29978216327398,0.00538830640262909
"37","Cyclospora","02Outpatient","12-23mo",0.0064806347660496,0.00850807194511661,-31.2845462251358,1.42352269551035,0.554620049565823,3.653702865988,0.00359042396806752
"38","Cyclospora","03Inpatient","12-23mo",0.00809655803027434,0.0178385110158025,-120.322153550947,3.24331430047242,1.24800962647002,8.42869111627126,0.0384776133230525
"39","Cyclospora","02Outpatient","24-59mo",0.00691501456057029,0.01245600225028,-80.1298050954895,1.92441882684033,0.715514977682975,5.1758354983568,0.0113834871080038
"40","Cyclospora","03Inpatient","24-59mo",0.00965204108909001,0.0260024236212784,-169.398186158467,2.89354068921225,0.979651702686719,8.54648411998354,0.0469261603461883
"41","EAEC","01CommunityDetected","0-11mo",0.448277124735571,0.347325362826712,22.5199449934923,0.992937472089676,0.867327907641017,1.13673826795379,0
"42","EAEC","02Outpatient","0-11mo",0.368071311755906,0.328844716651465,10.6573356443642,0.77408965643068,0.682523234941759,0.87794050885916,0
"43","EAEC","03Inpatient","0-11mo",0.412336642466657,0.356357995562751,13.575957394675,0.971439071405502,0.793760978341966,1.18888921879783,0
"44","EAEC","01CommunityDetected","12-23mo",0.423112011311203,0.294248585212101,30.4561020850626,0.988162460632332,0.813032550910398,1.20101593412163,0
"45","EAEC","02Outpatient","12-23mo",0.368940082202869,0.277391793773452,24.813863509435,0.879487817041317,0.745498159152846,1.03755966507426,0
"46","EAEC","03Inpatient","12-23mo",0.376039789523807,0.302540726853255,19.5455546775055,1.07298329706446,0.846113330349319,1.36068433681811,0.021603407437942
"47","EAEC","02Outpatient","24-59mo",0.299953293517254,0.212145017864443,29.2739828335173,0.875616298585262,0.765293701477259,1.00184269237833,0
"48","EAEC","03Inpatient","24-59mo",0.288098026142398,0.233288282280693,19.0246856584206,0.725618415146057,0.57546540075288,0.914950027769225,0
"49","EPAP","01CommunityDetected","0-11mo",0.161069795158424,0.0601584973032928,62.6506650460923,0.817838207125859,0.735398526552586,0.909519544688686,0
"50","EPAP","02Outpatient","0-11mo",0.141269687896737,0.0537603615231466,61.944871314189,0.699993180952217,0.597965082022179,0.819429876611806,0
"51","EPAP","03Inpatient","0-11mo",0.101424126467582,0.0648872551037276,36.0238462349811,0.811816272915338,0.653631641618562,1.00828298235101,0
"52","EPAP","01CommunityDetected","12-23mo",0.250782331395608,0.0777638715016094,68.9914871319474,0.863792362615498,0.787975913046055,0.946903621493381,0
"53","EPAP","02Outpatient","12-23mo",0.155575571491655,0.069632047847495,55.2422998161828,0.628126391770071,0.542180380649799,0.727696497547979,0
"54","EPAP","03Inpatient","12-23mo",0.145183517768218,0.0837531770678087,42.3122002033875,0.718318155628959,0.57473161902708,0.897777250501119,0
"55","EPAP","02Outpatient","24-59mo",0.137088189932582,0.0688416735734656,49.7829290711905,0.759742312965984,0.650241411781968,0.887683207578368,0
"56","EPAP","03Inpatient","24-59mo",0.128284880383912,0.0828167855187881,35.4430660332331,0.790573784932386,0.60965164594987,1.02518694663495,0
"57","EPTP","01CommunityDetected","0-11mo",0.124131668285985,0.121853154893918,1.83556172532636,1.33846752812916,1.10957470948669,1.61457836821548,0.0396096999620734
"58","EPTP","02Outpatient","0-11mo",0.178299552906429,0.10491448902915,41.15829943544,1.11078228018871,0.949207082878033,1.29986100634668,0.0114891319722688
"59","EPTP","03Inpatient","0-11mo",0.258744127732443,0.125930644233468,51.3300474344723,1.46494347015387,1.15287600254643,1.86148325232403,0.0553120739140453
"60","EPTP","01CommunityDetected","12-23mo",0.134402652319842,0.113551231462012,15.5141438788047,1.23896706011516,0.985500428714078,1.55762426004562,0.026418147420204
"61","EPTP","02Outpatient","12-23mo",0.17329657587015,0.0976382923144645,43.6582680158526,1.04857391472438,0.871568957502914,1.26152640611541,0.00472028730046419
"62","EPTP","03Inpatient","12-23mo",0.178295704779116,0.117388054871479,34.1610303978402,1.04683853091021,0.788651431839581,1.38955039648132,0.00546821821964191
"63","EPTP","02Outpatient","24-59mo",0.130526620571292,0.0709943153388106,45.6093208970851,0.920391259029663,0.782828868521291,1.08212676328398,0
"64","EPTP","03Inpatient","24-59mo",0.100111260776471,0.0858675221608247,14.2279085341361,1.05044197083735,0.763118950320186,1.44594539767842,0.00431264756167643
"65","ETLT","01CommunityDetected","0-11mo",0.199922554145104,0.110365749105003,44.7957487453369,1.25198617971029,1.01063923268434,1.55096828175,0.0270581392244194
"66","ETLT","02Outpatient","0-11mo",0.120876167065562,0.0944838350335227,21.8341900415527,1.00651655693767,0.835408862319697,1.21267037624742,0.000615330426025032
"67","ETLT","03Inpatient","0-11mo",0.193841382430464,0.0902824096374895,53.424594632224,1.035094303654,0.793814534864304,1.34971100981428,0.00315839125694824
"68","ETLT","01CommunityDetected","12-23mo",0.28079866459573,0.151758529649579,45.9546825594529,1.29469909924349,1.07913219287559,1.55332754286125,0.0428085699503038
"69","ETLT","02Outpatient","12-23mo",0.156525960644206,0.130795829090001,16.4382518071184,1.06418764945414,0.905612683574362,1.25052947445577,0.0083255796169412
"70","ETLT","03Inpatient","12-23mo",0.157845552291614,0.125202971701915,20.6800762617582,0.94927980356037,0.743634104319102,1.21179507531156,0
"71","ETLT","02Outpatient","24-59mo",0.150387594305967,0.115397771229717,23.2664291477805,1.04162126008468,0.861079263716413,1.26001739349482,0.00478004210421303
"72","ETLT","03Inpatient","24-59mo",0.145504480175112,0.110379725157612,24.1399817897203,1.10643953048992,0.820551524032032,1.49193365532396,0.0116123355073833
"73","ETST","01CommunityDetected","0-11mo",0.141414757419736,0.0701247925178794,50.4119698697777,1.76520347613447,1.36946904955831,2.27529297807948,0.0509270053847099
"74","ETST","02Outpatient","0-11mo",0.0950119638921657,0.0738429148287449,22.2804036420578,1.69945116769102,1.35898503941566,2.12521417646233,0.0491128578143916
"75","ETST","03Inpatient","0-11mo",0.156967730703104,0.0874985504086676,44.256981981751,2.62281628433704,1.92880555024367,3.56654161458344,0.124338712330891
"76","ETST","01CommunityDetected","12-23mo",0.22334283263204,0.106709431431413,52.2216897789515,1.69292938224586,1.3738615615167,2.08609802730585,0.068851105077198
"77","ETST","02Outpatient","12-23mo",0.132910127591359,0.112133409807007,15.6321554729308,1.79314434954014,1.4816209627842,2.17016817327257,0.0816740548913611
"78","ETST","03Inpatient","12-23mo",0.119629526757995,0.131861878629419,-10.2251945677005,1.87035555710583,1.41591907153121,2.47064255318886,0.102951332235154
"79","ETST","02Outpatient","24-59mo",0.126296343432519,0.0977709217364971,22.5861025907396,1.92343233178925,1.44012509787519,2.5689378932641,0.0828084806246618
"80","ETST","03Inpatient","24-59mo",0.145233502269585,0.115300640413538,20.6101632118496,2.20313743235776,1.47376919998196,3.29346993132665,0.121822932673754
"81","Entamoeba","01CommunityDetected","0-11mo",0.00530459603511765,0.00424518583499441,19.9715528403991,7.49717090393068,2.67132670360622,21.0410697751294,0.0268413674022893
"82","Entamoeba","02Outpatient","0-11mo",0.000699845293391679,0.00233282070023085,-233.33376994296,0.655168629468293,0.24290078192772,1.76716571117129,0
"83","Entamoeba","03Inpatient","0-11mo",0.00397022332506203,0.00439707330442505,-10.7512838552059,2.98870408690753,1.123712421638,7.94896625426399,0.00866867461946886
"84","Entamoeba","01CommunityDetected","12-23mo",0.00221984513148678,0.00600026076632443,-170.300872849885,2.63095755815047,1.31827871343481,5.25073916634349,0.00969132964203044
"85","Entamoeba","02Outpatient","12-23mo",0.00502228045761092,0.00329989212693611,34.2949451989413,1.40429471327588,0.527717289187155,3.73693203186907,0.00133235141272128
"86","Entamoeba","03Inpatient","12-23mo",0.00547945205479452,0.00621455073133486,-13.4155508468612,4.68638178551024,2.04707054777242,10.7285868889379,0.0223961290726827
"87","Entamoeba","02Outpatient","24-59mo",0.010662018246561,0.00677993508849343,36.4103968713403,3.92651379324945,1.90588774689002,8.08941166327143,0.0194555449280918
"88","Entamoeba","03Inpatient","24-59mo",0.00491803278688525,0.0127291160760324,-158.825360212659,6.17056751467729,2.39198717119775,15.9181052104576,0.0617524108358722
"89","Giardia","01CommunityDetected","0-11mo",0.165373859215356,0.146240228198211,11.5699247196188,1.03028615553209,0.70599201716471,1.50354329294555,0.00440952427383034
"90","Giardia","02Outpatient","0-11mo",0.202250328436938,0.137856395118206,31.8387286766808,0.985227047684042,0.671627883535444,1.44525318153648,0
"91","Giardia","03Inpatient","0-11mo",0.166374964546851,0.110509394583209,33.5781108148097,0.839619865979164,0.548512888461633,1.28522325395856,0
"92","Giardia","01CommunityDetected","12-23mo",0.445868483172919,0.430533238231561,3.43940994264246,0.889338474919195,0.722819958732094,1.09421843353491,0
"93","Giardia","02Outpatient","12-23mo",0.463317784476233,0.413749604623008,10.6985273421482,0.910009748957365,0.717320744851005,1.15445949269104,0
"94","Giardia","03Inpatient","12-23mo",0.330828818017448,0.35415494458684,-7.05081459020952,0.677077283208092,0.507410155366205,0.903477477910533,0
"95","Giardia","02Outpatient","24-59mo",0.5775770615596,0.612778549426845,-6.09468246058674,0.687092938310717,0.537550502804108,0.878236934788049,0
"96","Giardia","03Inpatient","24-59mo",0.374644973068362,0.551483827770539,-47.2017156012684,0.521006898944252,0.376459866652946,0.721054786426279,0
"97","Norovirus","01CommunityDetected","0-11mo",0.256821315491947,0.186245431672412,27.4805398003454,1.50453836556514,1.23366753008674,1.83488309309579,0.0858964509355682
"98","Norovirus","02Outpatient","0-11mo",0.179399696164773,0.149708908040712,16.5500771510734,1.04991500200566,0.892510578998776,1.23507949079231,0.00741729308741619
"99","Norovirus","03Inpatient","0-11mo",0.129230855479642,0.161915995319853,-25.2920556154332,1.08193225226084,0.874923938539425,1.33791904292428,0.0130924557936508
"100","Norovirus","01CommunityDetected","12-23mo",0.190465098650113,0.177816785687037,6.64075101040526,1.33881718379956,0.999580257703179,1.79318412686102,0.0568238918103931
"101","Norovirus","02Outpatient","12-23mo",0.195003866971773,0.142643903236013,26.8507309874731,1.1059353282575,0.884920982984709,1.38214933740491,0.0148860846605049
"102","Norovirus","03Inpatient","12-23mo",0.129369002532244,0.154379510484045,-19.3326897960482,1.02981832595285,0.774991033076768,1.36843620016863,0.0045822449392163
"103","Norovirus","02Outpatient","24-59mo",0.121236521052914,0.0964958702006334,20.406929065114,1.26394998883846,1.01057986535404,1.58084445282813,0.02483747138335
"104","Norovirus","03Inpatient","24-59mo",0.0681350863827796,0.104899317298322,-53.9578547079294,1.09947114081734,0.791522944320928,1.52722899337717,0.010326701265423
"105","Rotavirus","01CommunityDetected","0-11mo",0.147536902700817,0.169326573661713,-14.7689632641145,2.79903141760115,1.66123013692372,4.71612975383796,0.233495525542159
"106","Rotavirus","02Outpatient","0-11mo",0.291641244734088,0.237646465716026,18.5141093699873,5.10004411183359,3.41952801531434,7.60644446431226,0.493507011220112
"107","Rotavirus","03Inpatient","0-11mo",0.351450208024242,0.38035249004808,-8.22372027785067,7.0026698930987,4.42785435315763,11.0747512724173,0.695412650201185
"108","Rotavirus","01CommunityDetected","12-23mo",0.114335754769648,0.154935821822588,-35.5095106817084,3.93558105773682,2.69758133490954,5.7417354062973,0.312632889576177
"109","Rotavirus","02Outpatient","12-23mo",0.314458498839608,0.218979996076763,30.3628310620235,4.5621412633733,3.16215216767215,6.58195172254951,0.438214139338705
"110","Rotavirus","03Inpatient","12-23mo",0.284066040706275,0.355706947503396,-25.2198068516042,7.3297416351579,4.86191088341052,11.0502050997036,0.692452767118825
"111","Rotavirus","02Outpatient","24-59mo",0.265144445592275,0.151703657770908,42.7845235709029,4.35251434158947,2.73186398639883,6.93459893613323,0.337128796123549
"112","Rotavirus","03Inpatient","24-59mo",0.241710359280895,0.260431484031401,-7.74527198842555,6.37460085427505,3.77330572793215,10.7692137826302,0.583283896314788
"113","STEC","01CommunityDetected","0-11mo",0.0244977000561883,0.0399451051577879,-63.0565525178659,0.696256388116578,0.440983611337249,1.09929926085712,0
"114","STEC","02Outpatient","0-11mo",0.0241137260046571,0.0381822880100699,-58.3425473222004,0.594675281951137,0.433235189484078,0.816274161350553,0
"115","STEC","03Inpatient","0-11mo",0.026765121343298,0.0365333569814025,-36.4961380627195,0.690978786245424,0.384069098974103,1.24314006077691,0
"116","STEC","01CommunityDetected","12-23mo",0.0512373484953882,0.0666195628487733,-30.0214878503511,0.921898371609739,0.641985886024242,1.32385559570479,0
"117","STEC","02Outpatient","12-23mo",0.0275348404624573,0.0637577519014825,-131.553010043453,0.709135554752532,0.544985584970385,0.922727589283867,0
"118","STEC","03Inpatient","12-23mo",0.0125451838952139,0.0610744594662848,-386.835904331266,0.522268454559492,0.322193348389574,0.846585877676632,0
"119","STEC","02Outpatient","24-59mo",0.0369460395329724,0.0830674463630567,-124.834508415776,0.660749997344472,0.50217832237527,0.869393479443071,0
"120","STEC","03Inpatient","24-59mo",0.0573466708786476,0.0796406195149619,-38.8757504049205,0.469481879383763,0.280800522413136,0.784945957990139,0
"121","Salmonella","01CommunityDetected","0-11mo",0.0185708108966447,0.0183027479223877,1.44346402399378,1.1767314822837,0.582717450304871,2.37627512385827,0.00322424240430297
"122","Salmonella","02Outpatient","0-11mo",0.0339258314367136,0.0218523259345919,35.5879428471607,1.48433811955232,0.83755111728359,2.63059723483136,0.0104730683911136
"123","Salmonella","03Inpatient","0-11mo",0.0509197748892176,0.0325400527029654,36.0954505911301,2.45271518649649,1.23417994474401,4.87433928228214,0.0451377049293458
"124","Salmonella","01CommunityDetected","12-23mo",0.00467423880329665,0.0141965742563764,-203.719490034695,1.15111731029894,0.695502823005996,1.90519868250548,0.00214075545140596
"125","Salmonella","02Outpatient","12-23mo",0.0249116725224357,0.0169635743226984,31.9051167382649,1.53658087384229,0.967780555407568,2.43968611341192,0.00902022447789752
"126","Salmonella","03Inpatient","12-23mo",0.0258330285984935,0.0253221664562157,1.97755420093317,2.20896403446461,1.33136045099119,3.66506463514472,0.0297042352839967
"127","Salmonella","02Outpatient","24-59mo",0.024243397059729,0.0203380532593089,16.1088967474255,2.46332866591358,1.35396224129331,4.48165239121841,0.0289011226241981
"128","Salmonella","03Inpatient","24-59mo",0.184841323627277,0.0303081143727116,83.6031717486365,7.60084332499808,3.92710771037689,14.7112897103664,0.166707716346137
"129","Sapovirus","01CommunityDetected","0-11mo",0.163512969544252,0.116072714610427,29.0131449915269,1.89408139416396,1.6226353245764,2.21093690823886,0.0940210909896658
"130","Sapovirus","02Outpatient","0-11mo",0.0793495556606501,0.0659999001609409,16.8238566537171,1.04099858680886,0.878155619568014,1.23403874392006,0.0026986004859559
"131","Sapovirus","03Inpatient","0-11mo",0.0823176862597162,0.0688836346205014,16.319763406408,0.911366390870004,0.693601939905601,1.19750054119004,0
"132","Sapovirus","01CommunityDetected","12-23mo",0.244396531540171,0.153379822261554,37.2414079303974,2.20576868140686,1.87015566372369,2.60160989282986,0.156075830485616
"133","Sapovirus","02Outpatient","12-23mo",0.105225266067546,0.0888303950937035,15.5807360594542,1.19043795119905,0.998465142169928,1.41932097156157,0.0166352650166978
"134","Sapovirus","03Inpatient","12-23mo",0.127735428678348,0.0926127501539006,27.496426706243,1.35205003807824,1.0186587589055,1.79455513388163,0.0315748457726493
"135","Sapovirus","02Outpatient","24-59mo",0.0789827037147595,0.0594586495181835,24.7194047282627,1.31528485929028,1.01391362958372,1.70623434837198,0.0184014507703682
"136","Sapovirus","03Inpatient","24-59mo",0.0498882110503257,0.0620755723508504,-24.429341208949,1.49306937880508,0.978706596807877,2.27775737610871,0.0296985632263737
"137","Shigella","01CommunityDetected","0-11mo",0.101567441196309,0.0881875375163725,13.1734180977107,2.26093217517493,1.6704215962196,3.06019409250337,0.100070782270862
"138","Shigella","02Outpatient","0-11mo",0.103678433409764,0.0827504712362462,20.1854537006793,1.76439191117518,1.30317119620584,2.38884869868523,0.0594907738892921
"139","Shigella","03Inpatient","0-11mo",0.165183397790736,0.0790567958576733,52.1399868782048,2.03147940386378,1.45009897094028,2.84594958759729,0.075397160757607
"140","Shigella","01CommunityDetected","12-23mo",0.297379450583977,0.222814849649101,25.0738915511648,2.57798175993883,1.63138113782933,4.07384258679138,0.260134913478466
"141","Shigella","02Outpatient","12-23mo",0.241496538869644,0.210998264082434,12.6288662065143,2.6296323047826,1.66829726457157,4.14492441197646,0.255869102186196
"142","Shigella","03Inpatient","12-23mo",0.291351244531576,0.202846032739527,30.3774957043153,2.18479105514417,1.3689630797162,3.48680839196008,0.193763057540429
"143","Shigella","02Outpatient","24-59mo",0.344398022385801,0.308113690893912,10.5355806750951,2.57600762498124,1.43543506713206,4.62285995089946,0.326866552060831
"144","Shigella","03Inpatient","24-59mo",0.444896522617751,0.297624652924336,33.1024996165117,2.64868099765755,1.45190784359837,4.83192584039296,0.329168862697899
"145","Vibrio","01CommunityDetected","0-11mo",0.00117399091385637,0.00468949583801499,-299.449074321262,1.08722435947756,0.500602470137451,2.3612684282537,0.000408871026845741
"146","Vibrio","02Outpatient","0-11mo",0.00691699079420059,0.0070382782079987,-1.75347079975586,2.23593890514198,1.22753513444829,4.07273294851514,0.00862386388930737
"147","Vibrio","03Inpatient","0-11mo",0.061416652099932,0.017605234664487,71.3347535846772,4.26160048953029,1.99262488450304,9.11422861051652,0.0543030910665091
"148","Vibrio","01CommunityDetected","12-23mo",0.00304387809877161,0.00571017724950023,-87.5954642140444,2.66104025903559,1.29269964334488,5.47778851542468,0.00939571747429773
"149","Vibrio","02Outpatient","12-23mo",0.00902170464237541,0.00856577881506728,5.0536549951616,4.10082702528298,2.08668878798813,8.05907540601926,0.0258737653998731
"150","Vibrio","03Inpatient","12-23mo",0.0657761851431329,0.0213766853472679,67.5008739093777,8.18543780318429,3.86482866552946,17.3361868864683,0.133149038450292
"151","Vibrio","02Outpatient","24-59mo",0.0135640882880867,0.0192099329215321,-41.623473052768,3.25775977205247,1.53716974879708,6.90424641826878,0.0415685279484315
"152","Vibrio","03Inpatient","24-59mo",0.11590719863156,0.0471825436775701,59.2928271629172,14.5268494358699,6.77978438678791,31.126263387325,0.389585534828784
